Entity,Code,Year,Fossil fuels (TWh)
Algeria,DZA,1990,31.457.452
Argentina,ARG,1990,43.954.608
Australia,AUS,1990,9.869.913
Austria,AUT,1990,23.827.515
Azerbaijan,AZE,1990,25.564.853
Bangladesh,BGD,1990,71.242.424
Belarus,BLR,1990,46.591.333
Belgium,BEL,1990,49.842.084
Brazil,BRA,1990,8.296.463
Bulgaria,BGR,1990,27.727.142
Canada,CAN,1990,19.160.156
Chile,CHL,1990,12.616.681
China,CHN,1990,75.632.725
Colombia,COL,1990,16.958.893
Croatia,HRV,1990,8.920.179
Cyprus,CYP,1990,19.274.536
Czechia,CZE,1990,50.760.083
Denmark,DNK,1990,19.940.321
Ecuador,ECU,1990,6.623.651
Egypt,EGY,1990,36.189.252
Estonia,EST,1990,1.275.705
Finland,FIN,1990,22.015.292
France,FRA,1990,1.601.255
Germany,DEU,1990,37.038.672
Greece,GRC,1990,28.207.562
Hong Kong,HKG,1990,13.935.774
Hungary,HUN,1990,2.836.124
Iceland,ISL,1990,8.602.877
India,IND,1990,20.860.105
Indonesia,IDN,1990,57.778.107
Iran,IRN,1990,78.945.746
Iraq,IRQ,1990,22.397.296
Ireland,IRL,1990,11.497.067
Israel,ISR,1990,1.291.292
Italy,ITA,1990,1.752.051
Japan,JPN,1990,43.740.117
Kazakhstan,KAZ,1990,8.376.442
Kuwait,KWT,1990,9.149.267
Latvia,LVA,1990,7.317.163
Lithuania,LTU,1990,152.332
Luxembourg,LUX,1990,36.904.346
Malaysia,MYS,1990,22.907.864
Mexico,MEX,1990,11.774.172
Morocco,MAR,1990,7.914.823
Netherlands,NLD,1990,89.824.207
New Zealand,NZL,1990,10.906.915
North Macedonia,MKD,1990,28.207.687
Norway,NOR,1990,13.649.329
Oman,OMN,1990,4.886.399
Pakistan,PAK,1990,25.378.528
Peru,PER,1990,7.573.776
Philippines,PHL,1990,14.898.337
Poland,POL,1990,12.059.641
Portugal,PRT,1990,16.917.345
Qatar,QAT,1990,7.883.766
Romania,ROU,1990,70.146.704
Russia,RUS,1990,9.246.796
Saudi Arabia,SAU,1990,92.833.704
Singapore,SGP,1990,27.283.228
Slovakia,SVK,1990,20.864.227
Slovenia,SVN,1990,47.388.844
South Africa,ZAF,1990,10.027.082
South Korea,KOR,1990,9.021.168
Spain,ESP,1990,83.782.996
Sri Lanka,LKA,1990,20.587.849
Sweden,SWE,1990,26.820.712
Switzerland,CHE,1990,17.551.135
Taiwan,TWN,1990,4.717.787
Thailand,THA,1990,3.430.939
Trinidad and Tobago,TTO,1990,6.950.099
Turkey,TUR,1990,4.933.236
Turkmenistan,TKM,1990,15.188.283
Ukraine,UKR,1990,29.474.482
United Arab Emirates,ARE,1990,3.449.527
United Kingdom,GBR,1990,23.047.695
United States,USA,1990,19815.52
Uzbekistan,UZB,1990,50.125.046
Venezuela,VEN,1990,49.419.644
Vietnam,VNM,1990,6.125.195
World,OWID_WRL,1990,82993.61
Algeria,DZA,1991,31.122.867
Argentina,ARG,1991,45.196.918
Australia,AUS,1991,9.767.057
Austria,AUT,1991,2.545.411
Azerbaijan,AZE,1991,24.514.902
Bangladesh,BGD,1991,6.877.666
Belarus,BLR,1991,46.485.297
Belgium,BEL,1991,5.196.058
Brazil,BRA,1991,85.497.504
Bulgaria,BGR,1991,21.764.864
Canada,CAN,1991,18.601.794
Chile,CHL,1991,13.282.468
China,CHN,1991,7968.69
Colombia,COL,1991,1.784.961
Croatia,HRV,1991,67.419.365
Cyprus,CYP,1991,19.512.156
Czechia,CZE,1991,45.999.417
Denmark,DNK,1991,2.294.569
Ecuador,ECU,1991,7.442.925
Egypt,EGY,1991,36.711.115
Estonia,EST,1991,116.732.086
Finland,FIN,1991,22.041.238
France,FRA,1991,17.079.404
Germany,DEU,1991,36.204.028
Greece,GRC,1991,28.231.268
Hong Kong,HKG,1991,1.443.894
Hungary,HUN,1991,26.218.042
Iceland,ISL,1991,8.147.545
India,IND,1991,21.930.864
Indonesia,IDN,1991,6.280.453
Iran,IRN,1991,8.636.488
Iraq,IRQ,1991,14.161.224
Ireland,IRL,1991,11.902.901
Israel,ISR,1991,13.126.219
Italy,ITA,1991,17.788.286
Japan,JPN,1991,4428.32
Kazakhstan,KAZ,1991,83.571.716
Kuwait,KWT,1991,46.120.697
Latvia,LVA,1991,6.999.541
Lithuania,LTU,1991,16.419.154
Luxembourg,LUX,1991,39.635.735
Malaysia,MYS,1991,2.887.095
Mexico,MEX,1991,1226.22
Morocco,MAR,1991,80.178.535
Netherlands,NLD,1991,9.156.553
New Zealand,NZL,1991,11.308.174
North Macedonia,MKD,1991,26.939.896
Norway,NOR,1991,13.045.949
Oman,OMN,1991,6.486.825
Pakistan,PAK,1991,26.844.653
Peru,PER,1991,7.196.631
Philippines,PHL,1991,14.626.057
Poland,POL,1991,11.796.852
Portugal,PRT,1991,1.766.163
Qatar,QAT,1991,9.081.282
Romania,ROU,1991,5.813.076
Russia,RUS,1991,91.009.375
Saudi Arabia,SAU,1991,9.724.523
Singapore,SGP,1991,27.753.287
Slovakia,SVK,1991,18.485.727
Slovenia,SVN,1991,44.689.255
South Africa,ZAF,1991,9.904.471
South Korea,KOR,1991,10.355.211
Spain,ESP,1991,8.663.473
Sri Lanka,LKA,1991,20.610.798
Sweden,SWE,1991,23.627.994
Switzerland,CHE,1991,17.963.635
Taiwan,TWN,1991,5.058.146
Thailand,THA,1991,3.811.603
Trinidad and Tobago,TTO,1991,6.930.906
Turkey,TUR,1991,50.629.303
Turkmenistan,TKM,1991,15.598.198
Ukraine,UKR,1991,27.467.563
United Arab Emirates,ARE,1991,42.083.746
United Kingdom,GBR,1991,2.345.415
United States,USA,1991,19.680.094
Uzbekistan,UZB,1991,4.968.308
Venezuela,VEN,1991,4.759.311
Vietnam,VNM,1991,59.834.885
World,OWID_WRL,1991,83.237.734
Algeria,DZA,1992,31.963.843
Argentina,ARG,1992,4.821.176
Australia,AUS,1992,9.928.748
Austria,AUT,1992,23.859.116
Azerbaijan,AZE,1992,20.922.707
Bangladesh,BGD,1992,7.535.679
Belarus,BLR,1992,4.031.054
Belgium,BEL,1992,516.315
Brazil,BRA,1992,9.099.147
Bulgaria,BGR,1992,20.735.837
Canada,CAN,1992,19.282.595
Chile,CHL,1992,13.912.952
China,CHN,1992,8386.55
Colombia,COL,1992,20.520.174
Croatia,HRV,1992,6.764.407
Cyprus,CYP,1992,22.796.679
Czechia,CZE,1992,44.405.426
Denmark,DNK,1992,2.136.849
Ecuador,ECU,1992,7.427.257
Egypt,EGY,1992,36.364.752
Estonia,EST,1992,8.138.799
Finland,FIN,1992,21.454.427
France,FRA,1992,16.777.042
Germany,DEU,1992,3497.78
Greece,GRC,1992,2.900.773
Hong Kong,HKG,1992,16.992.892
Hungary,HUN,1992,24.928.088
Iceland,ISL,1992,8.554.433
India,IND,1992,2326.79
Indonesia,IDN,1992,6.852.572
Iran,IRN,1992,94.620.764
Iraq,IRQ,1992,21.893.427
Ireland,IRL,1992,1.196.518
Israel,ISR,1992,1.531.128
Italy,ITA,1992,1.770.387
Japan,JPN,1992,45.021.787
Kazakhstan,KAZ,1992,825.856
Kuwait,KWT,1992,8.167.526
Latvia,LVA,1992,49.580.112
Lithuania,LTU,1992,88.277.756
Luxembourg,LUX,1992,3.979.827
Malaysia,MYS,1992,3.278.807
Mexico,MEX,1992,12.367.986
Morocco,MAR,1992,9.092.879
Netherlands,NLD,1992,92.514.185
New Zealand,NZL,1992,118.884.384
North Macedonia,MKD,1992,2.772.942
Norway,NOR,1992,13.534.476
Oman,OMN,1992,624.909
Pakistan,PAK,1992,27.948.465
Peru,PER,1992,7.451.446
Philippines,PHL,1992,17.671.974
Poland,POL,1992,1.127.586
Portugal,PRT,1992,19.154.279
Qatar,QAT,1992,14.428.645
Romania,ROU,1992,5.160.707
Russia,RUS,1992,8.716.629
Saudi Arabia,SAU,1992,9.817.563
Singapore,SGP,1992,2.978.054
Slovakia,SVK,1992,17.666.003
Slovenia,SVN,1992,4.349.163
South Africa,ZAF,1992,99.845.966
South Korea,KOR,1992,11.901.459
Spain,ESP,1992,9.427.359
Sri Lanka,LKA,1992,23.423.489
Sweden,SWE,1992,24.525.757
Switzerland,CHE,1992,18.172.139
Taiwan,TWN,1992,54.050.433
Thailand,THA,1992,4.195.006
Trinidad and Tobago,TTO,1992,7.335.068
Turkey,TUR,1992,52.439.075
Turkmenistan,TKM,1992,14.895.883
Ukraine,UKR,1992,22.979.763
United Arab Emirates,ARE,1992,40.669.565
United Kingdom,GBR,1992,23.084.873
United States,USA,1992,20.084.928
Uzbekistan,UZB,1992,4.693.468
Venezuela,VEN,1992,5.178.348
Vietnam,VNM,1992,6.441.968
World,OWID_WRL,1992,83771.92
Algeria,DZA,1993,29.695.114
Argentina,ARG,1993,48.523.602
Australia,AUS,1993,10.134.342
Austria,AUT,1993,2.391.346
Azerbaijan,AZE,1993,17.880.655
Bangladesh,BGD,1993,836.379
Belarus,BLR,1993,337.056
Belgium,BEL,1993,51.065.756
Brazil,BRA,1993,9.501.196
Bulgaria,BGR,1993,21.678.735
Canada,CAN,1993,19.469.708
Chile,CHL,1993,1.487.303
China,CHN,1993,9.003.102
Colombia,COL,1993,2.166.408
Croatia,HRV,1993,7.049.165
Cyprus,CYP,1993,23.690.178
Czechia,CZE,1993,43.849.524
Denmark,DNK,1993,22.584.038
Ecuador,ECU,1993,7.505.091
Egypt,EGY,1993,3.630.694
Estonia,EST,1993,6.758.692
Finland,FIN,1993,21.708.345
France,FRA,1993,16.060.608
Germany,DEU,1993,34.927.603
Greece,GRC,1993,29.364.084
Hong Kong,HKG,1993,1.855.023
Hungary,HUN,1993,24.145.792
Iceland,ISL,1993,8.872.781
India,IND,1993,2.388.339
Indonesia,IDN,1993,73.445.264
Iran,IRN,1993,8.696.022
Iraq,IRQ,1993,29.264.853
Ireland,IRL,1993,12.242.731
Israel,ISR,1993,16.629.146
Italy,ITA,1993,17.317.411
Japan,JPN,1993,4.460.201
Kazakhstan,KAZ,1993,72.432.825
Kuwait,KWT,1993,1.001.729
Latvia,LVA,1993,40.651.257
Lithuania,LTU,1993,6.628.571
Luxembourg,LUX,1993,4.032.377
Malaysia,MYS,1993,32.816.437
Mexico,MEX,1993,12.408.743
Morocco,MAR,1993,9.345.595
Netherlands,NLD,1993,93.221.924
New Zealand,NZL,1993,11.691.528
North Macedonia,MKD,1993,28.735.922
Norway,NOR,1993,14.308.447
Oman,OMN,1993,59.838.005
Pakistan,PAK,1993,31.030.286
Peru,PER,1993,77.716.446
Philippines,PHL,1993,18.216.972
Poland,POL,1993,11.272.528
Portugal,PRT,1993,18.600.308
Qatar,QAT,1993,15.429.291
Romania,ROU,1993,4.974.638
Russia,RUS,1993,80.653.857
Saudi Arabia,SAU,1993,10.028.502
Singapore,SGP,1993,32.542.984
Slovakia,SVK,1993,16.713.254
Slovenia,SVN,1993,4.645.835
South Africa,ZAF,1993,10.042.401
South Korea,KOR,1993,13.136.025
Spain,ESP,1993,8.881.298
Sri Lanka,LKA,1993,23.676.126
Sweden,SWE,1993,24.293.082
Switzerland,CHE,1993,1.722.927
Taiwan,TWN,1993,5.843.557
Thailand,THA,1993,4.796.536
Trinidad and Tobago,TTO,1993,7.732.815
Turkey,TUR,1993,5.548.823
Turkmenistan,TKM,1993,12.227.832
Ukraine,UKR,1993,1.972.133
United Arab Emirates,ARE,1993,42.347.034
United Kingdom,GBR,1993,23.039.944
United States,USA,1993,20.497.916
Uzbekistan,UZB,1993,50.301.547
Venezuela,VEN,1993,51.026.535
Vietnam,VNM,1993,74.419.975
World,OWID_WRL,1993,83911.69
Algeria,DZA,1994,30.143.024
Argentina,ARG,1994,50.437.842
Australia,AUS,1994,10.554.196
Austria,AUT,1994,24.044.193
Azerbaijan,AZE,1994,1.654.534
Bangladesh,BGD,1994,881.855
Belarus,BLR,1994,28.175.735
Belgium,BEL,1994,546.805
Brazil,BRA,1994,10.100.506
Bulgaria,BGR,1994,20.456.996
Canada,CAN,1994,20.093.557
Chile,CHL,1994,15.955.412
China,CHN,1994,9.509.277
Colombia,COL,1994,22.655.261
Croatia,HRV,1994,6.877.319
Cyprus,CYP,1994,23.732.359
Czechia,CZE,1994,4.242.693
Denmark,DNK,1994,24.276.701
Ecuador,ECU,1994,8.090.929
Egypt,EGY,1994,38.150.494
Estonia,EST,1994,685.388
Finland,FIN,1994,23.841.681
France,FRA,1994,1.551.727
Germany,DEU,1994,34.563.516
Greece,GRC,1994,29.784.558
Hong Kong,HKG,1994,1.680.929
Hungary,HUN,1994,2.430.672
Iceland,ISL,1994,8.972.947
India,IND,1994,25.041.228
Indonesia,IDN,1994,7.714.894
Iran,IRN,1994,9.883.537
Iraq,IRQ,1994,333.884
Ireland,IRL,1994,12.690.519
Israel,ISR,1994,17.350.276
Italy,ITA,1994,17.185.654
Japan,JPN,1994,4.712.571
Kazakhstan,KAZ,1994,6.382.005
Kuwait,KWT,1994,116.934.494
Latvia,LVA,1994,37.850.216
Lithuania,LTU,1994,65.039.604
Luxembourg,LUX,1994,38.707.848
Malaysia,MYS,1994,34.456.702
Mexico,MEX,1994,13.388.287
Morocco,MAR,1994,10.197.055
Netherlands,NLD,1994,9.215.554
New Zealand,NZL,1994,121.666.306
North Macedonia,MKD,1994,26.386.707
Norway,NOR,1994,14.848.634
Oman,OMN,1994,5.684.055
Pakistan,PAK,1994,32.405.927
Peru,PER,1994,8.482.792
Philippines,PHL,1994,19.117.879
Poland,POL,1994,10.778.927
Portugal,PRT,1994,18.727.625
Qatar,QAT,1994,15.652.663
Romania,ROU,1994,46.627.396
Russia,RUS,1994,7.340.464
Saudi Arabia,SAU,1994,11.595.803
Singapore,SGP,1994,37.230.142
Slovakia,SVK,1994,15.822.707
Slovenia,SVN,1994,47.820.854
South Africa,ZAF,1994,10.386.178
South Korea,KOR,1994,14.346.058
Spain,ESP,1994,9.318.254
Sri Lanka,LKA,1994,25.718.044
Sweden,SWE,1994,25.536.891
Switzerland,CHE,1994,177.018
Taiwan,TWN,1994,6.225.322
Thailand,THA,1994,5.365.886
Trinidad and Tobago,TTO,1994,81.941.124
Turkey,TUR,1994,54.411.847
Turkmenistan,TKM,1994,13.044.185
Ukraine,UKR,1994,16.646.616
United Arab Emirates,ARE,1994,46.467.413
United Kingdom,GBR,1994,22.723.254
United States,USA,1994,20893.97
Uzbekistan,UZB,1994,49.370.465
Venezuela,VEN,1994,5.546.821
Vietnam,VNM,1994,82.113.884
World,OWID_WRL,1994,84967.89
Algeria,DZA,1995,31.257.413
Argentina,ARG,1995,5.294.222
Australia,AUS,1995,11.053.599
Austria,AUT,1995,2.513.576
Azerbaijan,AZE,1995,15.604.692
Bangladesh,BGD,1995,10.600.862
Belarus,BLR,1995,25.064.694
Belgium,BEL,1995,55.272.076
Brazil,BRA,1995,10.577.787
Bulgaria,BGR,1995,21.583.942
Canada,CAN,1995,20.953.997
Chile,CHL,1995,17.178.818
China,CHN,1995,9.741.276
Colombia,COL,1995,2.315.694
Croatia,HRV,1995,7.101.694
Cyprus,CYP,1995,2.523.067
Czechia,CZE,1995,44.411.426
Denmark,DNK,1995,23.798.395
Ecuador,ECU,1995,79.558.525
Egypt,EGY,1995,40.472.595
Estonia,EST,1995,62.146.576
Finland,FIN,1995,21.885.355
France,FRA,1995,1.585.171
Germany,DEU,1995,34.624.424
Greece,GRC,1995,3.062.551
Hong Kong,HKG,1995,18.068.062
Hungary,HUN,1995,24.630.728
Iceland,ISL,1995,9.134.002
India,IND,1995,27.137.434
Indonesia,IDN,1995,8.394.823
Iran,IRN,1995,10.333.331
Iraq,IRQ,1995,33.024.353
Ireland,IRL,1995,13.003.976
Israel,ISR,1995,19.513.654
Italy,ITA,1995,18.141.665
Japan,JPN,1995,48.764.834
Kazakhstan,KAZ,1995,5.738.556
Kuwait,KWT,1995,15.054.976
Latvia,LVA,1995,35.883.533
Lithuania,LTU,1995,6.394.493
Luxembourg,LUX,1995,3.361.216
Malaysia,MYS,1995,37.956.464
Mexico,MEX,1995,12.837.518
Morocco,MAR,1995,10.064.512
Netherlands,NLD,1995,95.911.365
New Zealand,NZL,1995,12.419.177
North Macedonia,MKD,1995,26.282.587
Norway,NOR,1995,14.850.519
Oman,OMN,1995,6.589.966
Pakistan,PAK,1995,34.193.817
Peru,PER,1995,9.517.052
Philippines,PHL,1995,21.631.464
Poland,POL,1995,11.029.259
Portugal,PRT,1995,21.521.643
Qatar,QAT,1995,1.559.913
Romania,ROU,1995,50.544.162
Russia,RUS,1995,6.898.247
Saudi Arabia,SAU,1995,11.300.059
Singapore,SGP,1995,38.815.878
Slovakia,SVK,1995,16.286.652
Slovenia,SVN,1995,51.321.053
South Africa,ZAF,1995,10.838.854
South Korea,KOR,1995,15.577.795
Spain,ESP,1995,98.964.343
Sri Lanka,LKA,1995,27.390.072
Sweden,SWE,1995,24.480.795
Switzerland,CHE,1995,16.799.397
Taiwan,TWN,1995,66.786.597
Thailand,THA,1995,5.953.982
Trinidad and Tobago,TTO,1995,8.886.662
Turkey,TUR,1995,6.045.279
Turkmenistan,TKM,1995,10.736.821
Ukraine,UKR,1995,16.202.141
United Arab Emirates,ARE,1995,48.487.097
United Kingdom,GBR,1995,22.799.531
United States,USA,1995,21170.41
Uzbekistan,UZB,1995,4.900.908
Venezuela,VEN,1995,5.752.601
Vietnam,VNM,1995,95.861.855
World,OWID_WRL,1995,86510.35
Algeria,DZA,1996,3.095.255
Argentina,ARG,1996,5.687.478
Australia,AUS,1996,11.378.003
Austria,AUT,1996,2.611.073
Azerbaijan,AZE,1996,127.195.816
Bangladesh,BGD,1996,11.001.724
Belarus,BLR,1996,25.709.088
Belgium,BEL,1996,5.891.822
Brazil,BRA,1996,11.228.557
Bulgaria,BGR,1996,21.063.702
Canada,CAN,1996,2139.88
Chile,CHL,1996,19.040.225
China,CHN,1996,10305.78
Colombia,COL,1996,2.306.097
Croatia,HRV,1996,7.096.239
Cyprus,CYP,1996,25.604.818
Czechia,CZE,1996,45.945.032
Denmark,DNK,1996,28.354.694
Ecuador,ECU,1996,8.915.608
Egypt,EGY,1996,42.731.876
Estonia,EST,1996,65.996.574
Finland,FIN,1996,23.831.111
France,FRA,1996,16.548.822
Germany,DEU,1996,35.781.897
Greece,GRC,1996,31.183.124
Hong Kong,HKG,1996,180.591
Hungary,HUN,1996,25.118.518
Iceland,ISL,1996,10.112.203
India,IND,1996,2.848.561
Indonesia,IDN,1996,90.040.405
Iran,IRN,1996,11.248.204
Iraq,IRQ,1996,33.262.823
Ireland,IRL,1996,13.753.915
Israel,ISR,1996,20.222.723
Italy,ITA,1996,17.994.818
Japan,JPN,1996,49.663.994
Kazakhstan,KAZ,1996,49.927.365
Kuwait,KWT,1996,1.490.201
Latvia,LVA,1996,3.596.225
Lithuania,LTU,1996,66.762.695
Luxembourg,LUX,1996,3.467.255
Malaysia,MYS,1996,4.289.441
Mexico,MEX,1996,1.319.729
Morocco,MAR,1996,10.132.674
Netherlands,NLD,1996,9.995.709
New Zealand,NZL,1996,13.165.616
North Macedonia,MKD,1996,30.766.876
Norway,NOR,1996,15.862.447
Oman,OMN,1996,6.778.353
Pakistan,PAK,1996,36.317.328
Peru,PER,1996,9.859.499
Philippines,PHL,1996,23.185.068
Poland,POL,1996,11.578.153
Portugal,PRT,1996,20.387.631
Qatar,QAT,1996,1.148.973
Romania,ROU,1996,50.088.135
Russia,RUS,1996,6.647.377
Saudi Arabia,SAU,1996,11.685.529
Singapore,SGP,1996,39.169.504
Slovakia,SVK,1996,16.678.403
Slovenia,SVN,1996,54.367.287
South Africa,ZAF,1996,1.102.259
South Korea,KOR,1996,17.222.087
Spain,ESP,1996,98.446.796
Sri Lanka,LKA,1996,3.323.902
Sweden,SWE,1996,26.305.484
Switzerland,CHE,1996,17.445.456
Taiwan,TWN,1996,69.336.676
Thailand,THA,1996,6.743.577
Trinidad and Tobago,TTO,1996,10.074.699
Turkey,TUR,1996,65.462.445
Turkmenistan,TKM,1996,15.639.493
Ukraine,UKR,1996,14.727.466
United Arab Emirates,ARE,1996,49.968.793
United Kingdom,GBR,1996,2.390.419
United States,USA,1996,21.883.338
Uzbekistan,UZB,1996,50.517.523
Venezuela,VEN,1996,54.963.763
Vietnam,VNM,1996,1.102.652
World,OWID_WRL,1996,89055.68
Algeria,DZA,1997,297.638
Argentina,ARG,1997,5.589.656
Australia,AUS,1997,11.668.212
Austria,AUT,1997,26.282.513
Azerbaijan,AZE,1997,12.109.227
Bangladesh,BGD,1997,115.764.725
Belarus,BLR,1997,26.003.897
Belgium,BEL,1997,58.493.756
Brazil,BRA,1997,11.979.347
Bulgaria,BGR,1997,19.797.133
Canada,CAN,1997,2.201.377
Chile,CHL,1997,21.948.001
China,CHN,1997,10.351.442
Colombia,COL,1997,25.152.902
Croatia,HRV,1997,7.604.705
Cyprus,CYP,1997,25.851.622
Czechia,CZE,1997,43.989.252
Denmark,DNK,1997,2.541.063
Ecuador,ECU,1997,10.089.975
Egypt,EGY,1997,4.456.936
Estonia,EST,1997,65.002.014
Finland,FIN,1997,23.165.076
France,FRA,1997,16.246.814
Germany,DEU,1997,34.967.788
Greece,GRC,1997,32.245.825
Hong Kong,HKG,1997,1.826.931
Hungary,HUN,1997,24.467.673
Iceland,ISL,1997,9.964.474
India,IND,1997,30.097.446
Indonesia,IDN,1997,9.876.079
Iran,IRN,1997,11.685.665
Iraq,IRQ,1997,39.839.508
Ireland,IRL,1997,1.435.135
Israel,ISR,1997,22.114.056
Italy,ITA,1997,18.329.872
Japan,JPN,1997,4.982.256
Kazakhstan,KAZ,1997,4.395.081
Kuwait,KWT,1997,15.505.125
Latvia,LVA,1997,33.034.386
Lithuania,LTU,1997,63.953.697
Luxembourg,LUX,1997,33.850.273
Malaysia,MYS,1997,50.311.188
Mexico,MEX,1997,13.520.336
Morocco,MAR,1997,10.519.438
Netherlands,NLD,1997,98.566.504
New Zealand,NZL,1997,14.059.766
North Macedonia,MKD,1997,2.735.233
Norway,NOR,1997,16.527.856
Oman,OMN,1997,6.971.264
Pakistan,PAK,1997,3.670.591
Peru,PER,1997,10.003.416
Philippines,PHL,1997,2.531.447
Poland,POL,1997,11.461.967
Portugal,PRT,1997,21.208.316
Qatar,QAT,1997,12.536.838
Romania,ROU,1997,45.619.366
Russia,RUS,1997,6.237.438
Saudi Arabia,SAU,1997,1.190.249
Singapore,SGP,1997,41.201.855
Slovakia,SVK,1997,16.388.437
Slovenia,SVN,1997,56.550.663
South Africa,ZAF,1997,11.230.046
South Korea,KOR,1997,19.038.093
Spain,ESP,1997,10.697.953
Sri Lanka,LKA,1997,3.404.012
Sweden,SWE,1997,24.428.334
Switzerland,CHE,1997,18.091.618
Taiwan,TWN,1997,7.439.573
Thailand,THA,1997,7.107.615
Trinidad and Tobago,TTO,1997,10.071.772
Turkey,TUR,1997,6.918.747
Ukraine,UKR,1997,14.083.525
United Arab Emirates,ARE,1997,5.214.564
United Kingdom,GBR,1997,23.298.015
United States,USA,1997,22.175.863
Uzbekistan,UZB,1997,50.190.332
Venezuela,VEN,1997,5.800.147
Vietnam,VNM,1997,13.344.868
World,OWID_WRL,1997,89980.32
Algeria,DZA,1998,30.771.323
Argentina,ARG,1998,58.821.924
Australia,AUS,1998,11.960.067
Austria,AUT,1998,265.214
Azerbaijan,AZE,1998,12.087.608
Bangladesh,BGD,1998,12.300.139
Belarus,BLR,1998,25.426.794
Belgium,BEL,1998,6.020.638
Brazil,BRA,1998,12.401.073
Bulgaria,BGR,1998,18.899.002
Canada,CAN,1998,22.312.102
Chile,CHL,1998,23.064.337
China,CHN,1998,10.363.471
Colombia,COL,1998,25.465.518
Croatia,HRV,1998,80.897.385
Cyprus,CYP,1998,27.446.606
Czechia,CZE,1998,42.446.793
Denmark,DNK,1998,24.182.932
Ecuador,ECU,1998,1.016.056
Egypt,EGY,1998,4.645.144
Estonia,EST,1998,58.292.824
Finland,FIN,1998,22.786.586
France,FRA,1998,17.189.286
Germany,DEU,1998,34.818.794
Greece,GRC,1998,3.435.748
Hong Kong,HKG,1998,18.623.376
Hungary,HUN,1998,24.919.087
Iceland,ISL,1998,10.112.937
India,IND,1998,31.625.952
Indonesia,IDN,1998,95.559.766
Iran,IRN,1998,12.133.647
Iraq,IRQ,1998,29.388.394
Ireland,IRL,1998,15.352.313
Israel,ISR,1998,23.272.064
Italy,ITA,1998,18.774.658
Japan,JPN,1998,48.376.206
Kazakhstan,KAZ,1998,41.459.326
Kuwait,KWT,1998,1.909.837
Latvia,LVA,1998,32.693.733
Lithuania,LTU,1998,6.646.477
Luxembourg,LUX,1998,32.560.677
Malaysia,MYS,1998,48.226.187
Mexico,MEX,1998,14.250.452
Morocco,MAR,1998,10.895.712
Netherlands,NLD,1998,9.878.223
New Zealand,NZL,1998,13.368.437
North Macedonia,MKD,1998,3.072.157
Norway,NOR,1998,16.727.141
Oman,OMN,1998,71.647.125
Pakistan,PAK,1998,38.144.623
Peru,PER,1998,9.893.705
Philippines,PHL,1998,25.574.445
Poland,POL,1998,10.966.576
Portugal,PRT,1998,23.542.966
Qatar,QAT,1998,13.498.816
Romania,ROU,1998,40.792.636
Russia,RUS,1998,6.234.794
Saudi Arabia,SAU,1998,12.525.769
Singapore,SGP,1998,41.772.717
Slovakia,SVK,1998,16.457.278
Slovenia,SVN,1998,557.128
South Africa,ZAF,1998,11.009.786
South Korea,KOR,1998,16.813.728
Spain,ESP,1998,11.240.068
Sri Lanka,LKA,1998,3.557.915
Sweden,SWE,1998,27.073.907
Switzerland,CHE,1998,18.332.346
Taiwan,TWN,1998,791.162
Thailand,THA,1998,6.588.718
Trinidad and Tobago,TTO,1998,10.223.357
Turkey,TUR,1998,70.556.946
Ukraine,UKR,1998,13.446.133
United Arab Emirates,ARE,1998,53.411.285
United Kingdom,GBR,1998,2.349.669
United States,USA,1998,22302.24
Uzbekistan,UZB,1998,50.098.325
Venezuela,VEN,1998,6.234.525
Vietnam,VNM,1998,14.880.237
World,OWID_WRL,1998,90444.78
Algeria,DZA,1999,31.083.392
Argentina,ARG,1999,61.154.626
Australia,AUS,1999,12.453.375
Austria,AUT,1999,26.414.883
Azerbaijan,AZE,1999,1.216.434
Bangladesh,BGD,1999,124.522.194
Belarus,BLR,1999,24.736.047
Belgium,BEL,1999,58.842.444
Brazil,BRA,1999,12.699.172
Bulgaria,BGR,1999,16.198.746
Canada,CAN,1999,2.293.156
Chile,CHL,1999,2.483.395
China,CHN,1999,10.752.908
Colombia,COL,1999,22.112.247
Croatia,HRV,1999,8.041.928
Cyprus,CYP,1999,28.880.678
Czechia,CZE,1999,40.344.437
Denmark,DNK,1999,23.278.914
Ecuador,ECU,1999,8.900.921
Egypt,EGY,1999,49.710.986
Estonia,EST,1999,53.683.647
Finland,FIN,1999,22.732.434
France,FRA,1999,17.228.291
Germany,DEU,1999,3392.88
Greece,GRC,1999,34.064.413
Hong Kong,HKG,1999,18.862.175
Hungary,HUN,1999,24.790.521
Iceland,ISL,1999,10.212.201
India,IND,1999,32.604.866
Indonesia,IDN,1999,1045.11
Iran,IRN,1999,1.316.257
Iraq,IRQ,1999,21.338.708
Ireland,IRL,1999,16.272.952
Israel,ISR,1999,241.175
Italy,ITA,1999,19.199.059
Japan,JPN,1999,4.976.206
Kazakhstan,KAZ,1999,38.882.855
Kuwait,KWT,1999,1.982.651
Latvia,LVA,1999,30.435.944
Lithuania,LTU,1999,5.906.796
Luxembourg,LUX,1999,34.494.907
Malaysia,MYS,1999,50.709.735
Mexico,MEX,1999,14.199.991
Morocco,MAR,1999,1.160.525
Netherlands,NLD,1999,97.501.575
New Zealand,NZL,1999,14.129.721
North Macedonia,MKD,1999,28.396.706
Norway,NOR,1999,16.375.214
Oman,OMN,1999,8.248.155
Pakistan,PAK,1999,40.990.686
Peru,PER,1999,100.854.836
Philippines,PHL,1999,24.885.486
Poland,POL,1999,10.757.216
Portugal,PRT,1999,25.799.118
Qatar,QAT,1999,15.026.718
Romania,ROU,1999,35.233.823
Russia,RUS,1999,62.659.697
Saudi Arabia,SAU,1999,12.754.303
Singapore,SGP,1999,4.135.441
Slovakia,SVK,1999,16.084.409
Slovenia,SVN,1999,548.474
South Africa,ZAF,1999,1.144.544
South Korea,KOR,1999,18.185.153
Spain,ESP,1999,1.195.437
Sri Lanka,LKA,1999,38.356.125
Sweden,SWE,1999,2.603.394
Switzerland,CHE,1999,18.243.265
Taiwan,TWN,1999,83.314.075
Thailand,THA,1999,7.042.245
Trinidad and Tobago,TTO,1999,11.363.159
Turkey,TUR,1999,70.635.486
Ukraine,UKR,1999,13.337.334
United Arab Emirates,ARE,1999,53.836.896
United Kingdom,GBR,1999,2.345.662
United States,USA,1999,22.599.816
Uzbekistan,UZB,1999,57.036.707
Venezuela,VEN,1999,6.161.799
Vietnam,VNM,1999,14.731.941
World,OWID_WRL,1999,91.921.484
Algeria,DZA,2000,29.978.595
Argentina,ARG,2000,5.953.777
Australia,AUS,2000,12.531.943
Austria,AUT,2000,2.624.335
Azerbaijan,AZE,2000,127.094.955
Bangladesh,BGD,2000,13.390.604
Belarus,BLR,2000,25.498.041
Belgium,BEL,2000,60.348.157
Brazil,BRA,2000,12.836.075
Bulgaria,BGR,2000,15.797.147
Canada,CAN,2000,23.565.771
Chile,CHL,2000,24.987.326
China,CHN,2000,11.085.259
Colombia,COL,2000,22.096.619
Croatia,HRV,2000,7.746.547
Cyprus,CYP,2000,30.261.105
Czechia,CZE,2000,42.837.277
Denmark,DNK,2000,21.973.676
Ecuador,ECU,2000,8.162.249
Egypt,EGY,2000,5.263.706
Estonia,EST,2000,55.296.604
Finland,FIN,2000,224.163
France,FRA,2000,17.197.067
Germany,DEU,2000,33.917.764
Greece,GRC,2000,36.079.834
Hong Kong,HKG,2000,19.747.533
Hungary,HUN,2000,23.924.075
Iceland,ISL,2000,106.982.155
India,IND,2000,34.460.303
Indonesia,IDN,2000,1.120.133
Iran,IRN,2000,13.852.795
Iraq,IRQ,2000,31.321.008
Ireland,IRL,2000,169.204
Israel,ISR,2000,22.728.027
Italy,ITA,2000,19.490.676
Japan,JPN,2000,50.356.113
Kazakhstan,KAZ,2000,34.747.815
Kuwait,KWT,2000,21.194.315
Latvia,LVA,2000,2.940.364
Lithuania,LTU,2000,5.314.203
Luxembourg,LUX,2000,36.694.363
Malaysia,MYS,2000,5.887.914
Mexico,MEX,2000,14.957.323
Morocco,MAR,2000,11.515.101
Netherlands,NLD,2000,98.637.683
New Zealand,NZL,2000,14.609.683
North Macedonia,MKD,2000,27.388.037
Norway,NOR,2000,16.023.283
Oman,OMN,2000,114.599.365
Pakistan,PAK,2000,42.619.287
Peru,PER,2000,10.041.547
Philippines,PHL,2000,24.537.386
Poland,POL,2000,101.057.684
Portugal,PRT,2000,25.497.513
Qatar,QAT,2000,13.419.913
Romania,ROU,2000,36.115.204
Russia,RUS,2000,6.357.776
Saudi Arabia,SAU,2000,13.348.796
Singapore,SGP,2000,44.223.233
Slovakia,SVK,2000,15.779.874
Slovenia,SVN,2000,53.556.305
South Africa,ZAF,2000,11.436.597
South Korea,KOR,2000,19.245.533
Spain,ESP,2000,12.440.662
Sri Lanka,LKA,2000,44.060.467
Sweden,SWE,2000,23.002.692
Switzerland,CHE,2000,17.818.906
Taiwan,TWN,2000,8.962.344
Thailand,THA,2000,7.228.478
Trinidad and Tobago,TTO,2000,118.771.194
Turkey,TUR,2000,77.252.844
Ukraine,UKR,2000,13.326.455
United Arab Emirates,ARE,2000,5.357.819
United Kingdom,GBR,2000,23.928.994
United States,USA,2000,23.224.576
Uzbekistan,UZB,2000,58.216.394
Venezuela,VEN,2000,63.236.444
Vietnam,VNM,2000,1.711.218
World,OWID_WRL,2000,94302.7
Algeria,DZA,2001,31.061.023
Argentina,ARG,2001,5.538.021
Australia,AUS,2001,12.644.697
Austria,AUT,2001,28.044.867
Azerbaijan,AZE,2001,12.308.163
Bangladesh,BGD,2001,15.266.776
Belarus,BLR,2001,24.787.195
Belgium,BEL,2001,6.028.867
Brazil,BRA,2001,13.241.947
Bulgaria,BGR,2001,16.449.355
Canada,CAN,2001,2.350.008
Chile,CHL,2001,24.426.062
China,CHN,2001,11.595.461
Colombia,COL,2001,21.432.635
Croatia,HRV,2001,80.421.455
Cyprus,CYP,2001,30.609.652
Czechia,CZE,2001,4.354.642
Denmark,DNK,2001,21.965.651
Ecuador,ECU,2001,8.471.088
Egypt,EGY,2001,5.504.415
Estonia,EST,2001,57.750.828
Finland,FIN,2001,2.372.849
France,FRA,2001,17.254.396
Germany,DEU,2001,34.603.813
Greece,GRC,2001,3.673.915
Hong Kong,HKG,2001,24.942.023
Hungary,HUN,2001,24.641.263
Iceland,ISL,2001,10.200.828
India,IND,2001,3.466.253
Indonesia,IDN,2001,11.950.663
Iran,IRN,2001,1.479.933
Iraq,IRQ,2001,3.495.724
Ireland,IRL,2001,18.002.463
Israel,ISR,2001,22.715.454
Italy,ITA,2001,19.379.456
Japan,JPN,2001,49.881.167
Kazakhstan,KAZ,2001,392.451
Kuwait,KWT,2001,21.430.533
Latvia,LVA,2001,323.233
Lithuania,LTU,2001,58.250.637
Luxembourg,LUX,2001,39.367.466
Malaysia,MYS,2001,6.062.499
Mexico,MEX,2001,14.883.884
Morocco,MAR,2001,12.376.759
Netherlands,NLD,2001,10.240.242
New Zealand,NZL,2001,15.274.255
North Macedonia,MKD,2001,2.718.551
Norway,NOR,2001,17.019.252
Oman,OMN,2001,12.648.573
Pakistan,PAK,2001,43.274.805
Peru,PER,2001,9.486.413
Philippines,PHL,2001,24.650.334
Poland,POL,2001,10.021.676
Portugal,PRT,2001,25.108.948
Qatar,QAT,2001,12.897.125
Romania,ROU,2001,36.591.168
Russia,RUS,2001,64.310.176
Saudi Arabia,SAU,2001,14.223.323
Singapore,SGP,2001,5.015.775
Slovakia,SVK,2001,16.103.802
Slovenia,SVN,2001,5.599.178
South Africa,ZAF,2001,11.548.802
South Korea,KOR,2001,19.768.253
Spain,ESP,2001,12.717.705
Sri Lanka,LKA,2001,42.860.462
Sweden,SWE,2001,23.686.372
Switzerland,CHE,2001,18.982.634
Taiwan,TWN,2001,9.356.904
Thailand,THA,2001,7.623.563
Trinidad and Tobago,TTO,2001,128.127
Turkey,TUR,2001,7.140.713
Ukraine,UKR,2001,13.127.786
United Arab Emirates,ARE,2001,54.156.604
United Kingdom,GBR,2001,24.064.353
United States,USA,2001,22.744.744
Uzbekistan,UZB,2001,58.385.864
Venezuela,VEN,2001,67.263.257
Vietnam,VNM,2001,18.854.776
World,OWID_WRL,2001,95432.67
Algeria,DZA,2002,32.178.415
Argentina,ARG,2002,5.317.772
Australia,AUS,2002,12.889.951
Austria,AUT,2002,28.288.486
Azerbaijan,AZE,2002,11.953.395
Bangladesh,BGD,2002,15.832.492
Belarus,BLR,2002,2.564.415
Belgium,BEL,2002,597.305
Brazil,BRA,2002,13.224.099
Bulgaria,BGR,2002,15.638.051
Canada,CAN,2002,24.289.885
Chile,CHL,2002,25.107.866
China,CHN,2002,12657.19
Colombia,COL,2002,20.737.894
Croatia,HRV,2002,8.454.285
Cyprus,CYP,2002,30.185.936
Czechia,CZE,2002,4.246.539
Denmark,DNK,2002,21.642.538
Ecuador,ECU,2002,8.214.731
Egypt,EGY,2002,568.773
Estonia,EST,2002,57.499.256
Finland,FIN,2002,2.459.748
France,FRA,2002,16.975.334
Germany,DEU,2002,34.080.564
Greece,GRC,2002,36.589.545
Hong Kong,HKG,2002,24.343.253
Hungary,HUN,2002,24.411.044
Iceland,ISL,2002,10.558.628
India,IND,2002,35.899.685
Indonesia,IDN,2002,12.328.993
Iran,IRN,2002,16.028.936
Iraq,IRQ,2002,3.292.857
Ireland,IRL,2002,17.781.929
Israel,ISR,2002,23.157.265
Italy,ITA,2002,19.421.345
Japan,JPN,2002,50.210.254
Kazakhstan,KAZ,2002,39.799.652
Kuwait,KWT,2002,22.682.956
Latvia,LVA,2002,33.766.403
Lithuania,LTU,2002,5.672.509
Luxembourg,LUX,2002,43.133.194
Malaysia,MYS,2002,64.204.065
Mexico,MEX,2002,15.480.201
Morocco,MAR,2002,12.703.742
Netherlands,NLD,2002,102.268.976
New Zealand,NZL,2002,1.527.493
North Macedonia,MKD,2002,26.151.937
Norway,NOR,2002,16.761.743
Oman,OMN,2002,13.764.601
Pakistan,PAK,2002,4.461.363
Peru,PER,2002,9.721.137
Philippines,PHL,2002,24.563.379
Poland,POL,2002,9.913.861
Portugal,PRT,2002,2.666.142
Qatar,QAT,2002,1.420.285
Romania,ROU,2002,37.902.023
Russia,RUS,2002,64.279.023
Saudi Arabia,SAU,2002,14.813.827
Singapore,SGP,2002,49.272.113
Slovakia,SVK,2002,16.024.976
Slovenia,SVN,2002,56.296.413
South Africa,ZAF,2002,11.194.598
South Korea,KOR,2002,20.624.233
Spain,ESP,2002,13.344.612
Sri Lanka,LKA,2002,4.561.218
Sweden,SWE,2002,24.244.304
Switzerland,CHE,2002,1.808.754
Taiwan,TWN,2002,9.726.784
Thailand,THA,2002,8.243.518
Trinidad and Tobago,TTO,2002,1.390.541
Turkey,TUR,2002,76.046.747
Ukraine,UKR,2002,13.066.316
United Arab Emirates,ARE,2002,5.916.931
United Kingdom,GBR,2002,23.522.158
United States,USA,2002,22.941.979
Uzbekistan,UZB,2002,5.986.914
Venezuela,VEN,2002,68.632.025
Vietnam,VNM,2002,21.163.832
World,OWID_WRL,2002,97594.11
Algeria,DZA,2003,33.615.356
Argentina,ARG,2003,5.793.064
Australia,AUS,2003,13.062.241
Austria,AUT,2003,30.711.383
Azerbaijan,AZE,2003,12.855.928
Bangladesh,BGD,2003,16.794.385
Belarus,BLR,2003,25.450.519
Belgium,BEL,2003,6.261.305
Brazil,BRA,2003,13.136.064
Bulgaria,BGR,2003,17.071.962
Canada,CAN,2003,24.953.928
Chile,CHL,2003,25.150.714
China,CHN,2003,14.859.567
Colombia,COL,2003,2.124.953
Croatia,HRV,2003,904.913
Cyprus,CYP,2003,320.883
Czechia,CZE,2003,43.625.784
Denmark,DNK,2003,23.108.041
Ecuador,ECU,2003,8.578.332
Egypt,EGY,2003,6.076.346
Estonia,EST,2003,6.268.629
Finland,FIN,2003,27.359.238
France,FRA,2003,1.730.169
Germany,DEU,2003,34.050.566
Greece,GRC,2003,38.119.785
Hong Kong,HKG,2003,25.140.543
Hungary,HUN,2003,25.271.704
Iceland,ISL,2003,10.637.617
India,IND,2003,3.728.399
Indonesia,IDN,2003,13.439.308
Iran,IRN,2003,1.628.308
Iraq,IRQ,2003,29.028.033
Ireland,IRL,2003,17.380.864
Israel,ISR,2003,2.385.921
Italy,ITA,2003,20.135.079
Japan,JPN,2003,52.009.194
Kazakhstan,KAZ,2003,43.967.847
Kuwait,KWT,2003,2.710.907
Latvia,LVA,2003,33.731.316
Lithuania,LTU,2003,58.055.763
Luxembourg,LUX,2003,45.284.607
Malaysia,MYS,2003,6.980.527
Mexico,MEX,2003,1.571.815
Morocco,MAR,2003,12.565.122
Netherlands,NLD,2003,10.296.417
New Zealand,NZL,2003,14.955.421
North Macedonia,MKD,2003,27.990.833
Norway,NOR,2003,1.744.184
Oman,OMN,2003,14.257.997
Pakistan,PAK,2003,47.996.667
Peru,PER,2003,9.402.071
Philippines,PHL,2003,25.523.303
Poland,POL,2003,1.027.221
Portugal,PRT,2003,25.162.032
Qatar,QAT,2003,16.293.604
Romania,ROU,2003,38.912.903
Russia,RUS,2003,6.577.551
Saudi Arabia,SAU,2003,15.691.909
Singapore,SGP,2003,46.541.028
Slovakia,SVK,2003,1.597.336
Slovenia,SVN,2003,5.675.701
South Africa,ZAF,2003,12.184.147
South Korea,KOR,2003,21.075.645
Spain,ESP,2003,13.681.029
Sri Lanka,LKA,2003,45.420.067
Sweden,SWE,2003,25.592.369
Switzerland,CHE,2003,17.853.206
Taiwan,TWN,2003,10.229.405
Thailand,THA,2003,8.872.691
Trinidad and Tobago,TTO,2003,15.594.861
Turkey,TUR,2003,8.071.517
Ukraine,UKR,2003,13.384.978
United Arab Emirates,ARE,2003,6.311.553
United Kingdom,GBR,2003,2.394.109
United States,USA,2003,23040.12
Uzbekistan,UZB,2003,5.446.981
Venezuela,VEN,2003,62.822.705
Vietnam,VNM,2003,23.026.694
World,OWID_WRL,2003,101809.47
Algeria,DZA,2004,3.490.545
Argentina,ARG,2004,6.322.975
Australia,AUS,2004,13.477.528
Austria,AUT,2004,30.239.697
Azerbaijan,AZE,2004,14.595.897
Bangladesh,BGD,2004,17.380.067
Belarus,BLR,2004,28.498.264
Belgium,BEL,2004,6.291.559
Brazil,BRA,2004,13.833.146
Bulgaria,BGR,2004,16.473.555
Canada,CAN,2004,25.089.727
Chile,CHL,2004,271.616
China,CHN,2004,17.332.893
Colombia,COL,2004,21.280.914
Croatia,HRV,2004,8.854.533
Cyprus,CYP,2004,31.226.189
Czechia,CZE,2004,44.654.657
Denmark,DNK,2004,21.330.814
Ecuador,ECU,2004,92.687.645
Egypt,EGY,2004,64.362.256
Estonia,EST,2004,63.916.676
Finland,FIN,2004,2.532.829
France,FRA,2004,17.421.658
Germany,DEU,2004,33.668.105
Greece,GRC,2004,38.114.084
Hong Kong,HKG,2004,28.152.692
Hungary,HUN,2004,2.530.456
Iceland,ISL,2004,11.129.196
India,IND,2004,39.644.377
Indonesia,IDN,2004,13.281.602
Iran,IRN,2004,17.974.377
Iraq,IRQ,2004,3.094.746
Ireland,IRL,2004,17.546.461
Israel,ISR,2004,24.335.373
Italy,ITA,2004,20.388.511
Japan,JPN,2004,51.228.696
Kazakhstan,KAZ,2004,47.058.612
Kuwait,KWT,2004,3.028.387
Latvia,LVA,2004,36.334.076
Lithuania,LTU,2004,59.972.054
Luxembourg,LUX,2004,51.203.964
Malaysia,MYS,2004,7.537.156
Mexico,MEX,2004,16.509.272
Morocco,MAR,2004,14.336.635
Netherlands,NLD,2004,10.618.103
New Zealand,NZL,2004,14.680.066
North Macedonia,MKD,2004,27.306.465
Norway,NOR,2004,17.557.004
Oman,OMN,2004,1.326.809
Pakistan,PAK,2004,53.740.247
Peru,PER,2004,106.777.695
Philippines,PHL,2004,26.243.616
Poland,POL,2004,10.319.388
Portugal,PRT,2004,261.555
Qatar,QAT,2004,19.687.029
Romania,ROU,2004,39.438.556
Russia,RUS,2004,6.606.419
Saudi Arabia,SAU,2004,17.024.475
Singapore,SGP,2004,5.211.792
Slovakia,SVK,2004,15.491.736
Slovenia,SVN,2004,57.898.277
South Africa,ZAF,2004,1.331.142
South Korea,KOR,2004,21.663.127
Spain,ESP,2004,14.440.978
Sri Lanka,LKA,2004,4.493.224
Sweden,SWE,2004,2.478.287
Switzerland,CHE,2004,17.870.706
Taiwan,TWN,2004,10.695.459
Thailand,THA,2004,9.673.244
Trinidad and Tobago,TTO,2004,1.714.696
Turkey,TUR,2004,8.413.154
Ukraine,UKR,2004,13.112.736
United Arab Emirates,ARE,2004,67.506.537
United Kingdom,GBR,2004,24.238.179
United States,USA,2004,23.499.125
Uzbekistan,UZB,2004,54.496.155
Venezuela,VEN,2004,6.710.814
Vietnam,VNM,2004,2.964.293
World,OWID_WRL,2004,106.664.766
Algeria,DZA,2005,36.468.146
Argentina,ARG,2005,67.060.974
Australia,AUS,2005,1.349.514
Austria,AUT,2005,30.634.137
Azerbaijan,AZE,2005,15.822.023
Bangladesh,BGD,2005,18.760.443
Belarus,BLR,2005,28.404.437
Belgium,BEL,2005,6.187.869
Brazil,BRA,2005,14.073.135
Bulgaria,BGR,2005,17.481.247
Canada,CAN,2005,24.699.326
Chile,CHL,2005,2.733.257
China,CHN,2005,19.713.344
Colombia,COL,2005,21.168.222
Croatia,HRV,2005,8.906.604
Cyprus,CYP,2005,34.990.147
Czechia,CZE,2005,442.445
Denmark,DNK,2005,20.420.296
Ecuador,ECU,2005,10.068.857
Egypt,EGY,2005,66.174.805
Estonia,EST,2005,6.414.318
Finland,FIN,2005,22.327.707
France,FRA,2005,17.425.884
Germany,DEU,2005,33.082.554
Greece,GRC,2005,38.122.195
Hong Kong,HKG,2005,27.009.045
Hungary,HUN,2005,26.483.917
Iceland,ISL,2005,11.256.201
India,IND,2005,42.375.137
Indonesia,IDN,2005,13.651.406
Iran,IRN,2005,18.987.263
Iraq,IRQ,2005,29.430.948
Ireland,IRL,2005,18.205.435
Israel,ISR,2005,24.449.413
Italy,ITA,2005,20.586.958
Japan,JPN,2005,51.578.296
Kazakhstan,KAZ,2005,4.850.141
Kuwait,KWT,2005,33.409.308
Latvia,LVA,2005,37.134.514
Lithuania,LTU,2005,63.720.234
Luxembourg,LUX,2005,5.193.919
Malaysia,MYS,2005,81.599.927
Mexico,MEX,2005,17.513.376
Morocco,MAR,2005,15.773.419
Netherlands,NLD,2005,10.781.451
New Zealand,NZL,2005,14.937.207
North Macedonia,MKD,2005,2.827.463
Norway,NOR,2005,1.697.133
Oman,OMN,2005,15.932.642
Pakistan,PAK,2005,55.160.504
Peru,PER,2005,112.468.636
Philippines,PHL,2005,2.629.606
Poland,POL,2005,1052.26
Portugal,PRT,2005,27.285.782
Qatar,QAT,2005,2.228.612
Romania,ROU,2005,3.851.521
Russia,RUS,2005,6.597.732
Saudi Arabia,SAU,2005,17.590.061
Singapore,SGP,2005,5.477.119
Slovakia,SVK,2005,16.329.767
Slovenia,SVN,2005,58.757.935
South Africa,ZAF,2005,12.630.378
South Korea,KOR,2005,22.122.354
Spain,ESP,2005,15.000.077
Sri Lanka,LKA,2005,51.852.943
Sweden,SWE,2005,2.446.366
Switzerland,CHE,2005,18.234.415
Taiwan,TWN,2005,10.823.278
Thailand,THA,2005,99.838.464
Trinidad and Tobago,TTO,2005,18.386.272
Turkey,TUR,2005,8.829.367
Ukraine,UKR,2005,13.261.067
United Arab Emirates,ARE,2005,704.598
United Kingdom,GBR,2005,24.419.756
United States,USA,2005,23.512.965
Uzbekistan,UZB,2005,54.290.094
Venezuela,VEN,2005,6.789.918
Vietnam,VNM,2005,3.222.851
World,OWID_WRL,2005,110279.75
Algeria,DZA,2006,3.786.009
Argentina,ARG,2006,69.778.064
Australia,AUS,2006,14.085.713
Austria,AUT,2006,30.043.958
Azerbaijan,AZE,2006,15.692.683
Bangladesh,BGD,2006,20.344.052
Belarus,BLR,2006,30.203.766
Belgium,BEL,2006,6.217.085
Brazil,BRA,2006,14.362.156
Bulgaria,BGR,2006,17.773.166
Canada,CAN,2006,24.648.147
Chile,CHL,2006,2.912.199
China,CHN,2006,21.612.988
Colombia,COL,2006,23.989.848
Croatia,HRV,2006,8.903.258
Cyprus,CYP,2006,34.407.574
Czechia,CZE,2006,44.779.843
Denmark,DNK,2006,22.953.809
Ecuador,ECU,2006,106.934.685
Egypt,EGY,2006,6.985.427
Estonia,EST,2006,63.291.786
Finland,FIN,2006,25.328.436
France,FRA,2006,17.112.305
Germany,DEU,2006,33.606.172
Greece,GRC,2006,38.889.026
Hong Kong,HKG,2006,28.575.052
Hungary,HUN,2006,26.259.277
Iceland,ISL,2006,11.453.036
India,IND,2006,4.427.847
Indonesia,IDN,2006,13.981.421
Iran,IRN,2006,2.067.248
Iraq,IRQ,2006,2.854.813
Ireland,IRL,2006,184.342
Israel,ISR,2006,24.389.938
Italy,ITA,2006,20.426.763
Japan,JPN,2006,5.086.065
Kazakhstan,KAZ,2006,5.240.585
Kuwait,KWT,2006,3.211.306
Latvia,LVA,2006,36.562.912
Lithuania,LTU,2006,64.428.375
Luxembourg,LUX,2006,5.090.858
Malaysia,MYS,2006,8.247.239
Mexico,MEX,2006,18.057.238
Morocco,MAR,2006,16.104.185
Netherlands,NLD,2006,10.548.782
New Zealand,NZL,2006,15.037.091
North Macedonia,MKD,2006,28.394.411
Norway,NOR,2006,17.081.189
Oman,OMN,2006,17.406.621
Pakistan,PAK,2006,5.883.396
Peru,PER,2006,10.885.393
Philippines,PHL,2006,2.480.829
Poland,POL,2006,11.030.348
Portugal,PRT,2006,24.888.158
Qatar,QAT,2006,2.342.727
Romania,ROU,2006,39.999.896
Russia,RUS,2006,69.153.154
Saudi Arabia,SAU,2006,18.307.107
Singapore,SGP,2006,6.028.206
Slovakia,SVK,2006,15.428.014
Slovenia,SVN,2006,60.220.512
South Africa,ZAF,2006,12.889.866
South Korea,KOR,2006,22.524.067
Spain,ESP,2006,1.491.931
Sri Lanka,LKA,2006,5.309.419
Sweden,SWE,2006,25.007.378
Switzerland,CHE,2006,1.852.752
Taiwan,TWN,2006,1.114.793
Thailand,THA,2006,10.123.978
Trinidad and Tobago,TTO,2006,21.474.776
Turkey,TUR,2006,9.789.125
Ukraine,UKR,2006,13.413.118
United Arab Emirates,ARE,2006,74.129.297
United Kingdom,GBR,2006,24.225.615
United States,USA,2006,23186.37
Uzbekistan,UZB,2006,5.102.101
Venezuela,VEN,2006,71.767.004
Vietnam,VNM,2006,28.267.493
World,OWID_WRL,2006,113402.75
Algeria,DZA,2007,3.990.007
Argentina,ARG,2007,7.552.279
Australia,AUS,2007,14.462.709
Austria,AUT,2007,2.842.265
Azerbaijan,AZE,2007,14.176.187
Bangladesh,BGD,2007,20.827.457
Belarus,BLR,2007,2.946.274
Belgium,BEL,2007,62.180.615
Brazil,BRA,2007,14.940.883
Bulgaria,BGR,2007,18.728.653
Canada,CAN,2007,25.795.754
Chile,CHL,2007,3.119.981
China,CHN,2007,23448.26
Colombia,COL,2007,23.687.187
Croatia,HRV,2007,9.501.379
Cyprus,CYP,2007,34.965.965
Czechia,CZE,2007,44.239.252
Denmark,DNK,2007,21.337.663
Ecuador,ECU,2007,107.996.414
Egypt,EGY,2007,74.250.116
Estonia,EST,2007,7.331.503
Finland,FIN,2007,24.621.289
France,FRA,2007,16.752.354
Germany,DEU,2007,32.141.074
Greece,GRC,2007,4.053.247
Hong Kong,HKG,2007,30.401.202
Hungary,HUN,2007,25.410.687
Iceland,ISL,2007,11.569.497
India,IND,2007,48.012.754
Indonesia,IDN,2007,14.968.118
Iran,IRN,2007,22.028.115
Iraq,IRQ,2007,28.926.733
Ireland,IRL,2007,18.885.443
Israel,ISR,2007,2.551.586
Italy,ITA,2007,20.101.216
Japan,JPN,2007,5.130.279
Kazakhstan,KAZ,2007,5.820.432
Kuwait,KWT,2007,3.119.603
Latvia,LVA,2007,3.789.378
Lithuania,LTU,2007,689.986
Luxembourg,LUX,2007,48.843.357
Malaysia,MYS,2007,88.146.265
Mexico,MEX,2007,18.235.342
Morocco,MAR,2007,15.954.407
Netherlands,NLD,2007,10.693.535
New Zealand,NZL,2007,14.846.664
North Macedonia,MKD,2007,29.984.726
Norway,NOR,2007,1.692.485
Oman,OMN,2007,17.340.074
Pakistan,PAK,2007,6.285.451
Peru,PER,2007,124.836.525
Philippines,PHL,2007,26.462.344
Poland,POL,2007,10.964.136
Portugal,PRT,2007,2.491.106
Qatar,QAT,2007,2.553.497
Romania,ROU,2007,38.452.997
Russia,RUS,2007,69.420.825
Saudi Arabia,SAU,2007,19.105.583
Singapore,SGP,2007,64.729.517
Slovakia,SVK,2007,14.785.396
Slovenia,SVN,2007,60.285.892
South Africa,ZAF,2007,13.211.337
South Korea,KOR,2007,23.488.152
Spain,ESP,2007,15.298.999
Sri Lanka,LKA,2007,56.225.826
Sweden,SWE,2007,24.303.745
Switzerland,CHE,2007,16.977.641
Taiwan,TWN,2007,11.633.555
Thailand,THA,2007,10.575.852
Trinidad and Tobago,TTO,2007,22.146.744
Turkey,TUR,2007,10.711.096
Ukraine,UKR,2007,13.370.758
United Arab Emirates,ARE,2007,818.361
United Kingdom,GBR,2007,23.710.586
United States,USA,2007,23.576.988
Uzbekistan,UZB,2007,54.604.517
Venezuela,VEN,2007,7.680.104
Vietnam,VNM,2007,30.657.834
World,OWID_WRL,2007,117302.68
Algeria,DZA,2008,42.276.166
Argentina,ARG,2008,76.645.496
Australia,AUS,2008,14.753.569
Austria,AUT,2008,2.882.122
Azerbaijan,AZE,2008,14.360.641
Bangladesh,BGD,2008,2.199.329
Belarus,BLR,2008,298.36
Belgium,BEL,2008,639.172
Brazil,BRA,2008,15.830.702
Bulgaria,BGR,2008,18.061.937
Canada,CAN,2008,2.506.017
Chile,CHL,2008,30.155.118
China,CHN,2008,23943.34
Colombia,COL,2008,2.609.395
Croatia,HRV,2008,9.140.181
Cyprus,CYP,2008,35.643.105
Czechia,CZE,2008,42.970.972
Denmark,DNK,2008,20.495.688
Ecuador,ECU,2008,110.877.556
Egypt,EGY,2008,7.868.004
Estonia,EST,2008,6.723.302
Finland,FIN,2008,22.368.834
France,FRA,2008,16.617.161
Germany,DEU,2008,32.258.838
Greece,GRC,2008,39.006.757
Hong Kong,HKG,2008,282.851
Hungary,HUN,2008,2.467.351
Iceland,ISL,2008,10.640.057
India,IND,2008,51.253.574
Indonesia,IDN,2008,15.072.634
Iran,IRN,2008,2.301.213
Iraq,IRQ,2008,33.767.377
Ireland,IRL,2008,18.551.028
Israel,ISR,2008,2.625.598
Italy,ITA,2008,19.388.276
Japan,JPN,2008,5.100.908
Kazakhstan,KAZ,2008,6.171.841
Kuwait,KWT,2008,3.374.702
Latvia,LVA,2008,37.171.803
Lithuania,LTU,2008,6.799.316
Luxembourg,LUX,2008,4.843.457
Malaysia,MYS,2008,90.781.036
Mexico,MEX,2008,18.363.042
Morocco,MAR,2008,17.637.854
Netherlands,NLD,2008,10.512.654
New Zealand,NZL,2008,15.126.912
North Macedonia,MKD,2008,29.355.963
Norway,NOR,2008,16.903.459
Oman,OMN,2008,20.397.525
Pakistan,PAK,2008,64.645.886
Peru,PER,2008,14.026.257
Philippines,PHL,2008,2.703.643
Poland,POL,2008,11.082.928
Portugal,PRT,2008,24.331.506
Qatar,QAT,2008,2.830.817
Romania,ROU,2008,3.725.271
Russia,RUS,2008,70.104.805
Saudi Arabia,SAU,2008,20.955.105
Singapore,SGP,2008,6.886.517
Slovakia,SVK,2008,15.197.993
Slovenia,SVN,2008,6.421.757
South Africa,ZAF,2008,14.189.465
South Korea,KOR,2008,2.374.351
Spain,ESP,2008,14.581.388
Sri Lanka,LKA,2008,51.899.147
Sweden,SWE,2008,23.101.726
Switzerland,CHE,2008,1.806.103
Taiwan,TWN,2008,11.213.296
Thailand,THA,2008,10.724.199
Trinidad and Tobago,TTO,2008,2.182.056
Turkey,TUR,2008,10.814.062
Ukraine,UKR,2008,1.286.476
United Arab Emirates,ARE,2008,9.384.005
United Kingdom,GBR,2008,23.416.736
United States,USA,2008,22.795.662
Uzbekistan,UZB,2008,51.685.944
Venezuela,VEN,2008,74.047.705
Vietnam,VNM,2008,3.840.117
World,OWID_WRL,2008,118133.58
Algeria,DZA,2009,4.479.042
Argentina,ARG,2009,7.310.342
Australia,AUS,2009,14.503.665
Austria,AUT,2009,26.715.955
Azerbaijan,AZE,2009,12.601.282
Bangladesh,BGD,2009,24.341.373
Belarus,BLR,2009,28.200.616
Belgium,BEL,2009,5.806.317
Brazil,BRA,2009,14.929.707
Bulgaria,BGR,2009,15.124.356
Canada,CAN,2009,23.921.387
Chile,CHL,2009,29.225.992
China,CHN,2009,25.087.559
Colombia,COL,2009,26.568.207
Croatia,HRV,2009,85.492.805
Cyprus,CYP,2009,34.730.488
Czechia,CZE,2009,4.038.886
Denmark,DNK,2009,19.127.023
Ecuador,ECU,2009,113.341.064
Egypt,EGY,2009,82.030.597
Estonia,EST,2009,57.060.886
Finland,FIN,2009,21.270.073
France,FRA,2009,15.876.765
Germany,DEU,2009,30.184.321
Greece,GRC,2009,36.884.845
Hong Kong,HKG,2009,3.088.553
Hungary,HUN,2009,2.202.858
Iceland,ISL,2009,9.860.662
India,IND,2009,5.569.547
Indonesia,IDN,2009,1.554.045
Iran,IRN,2009,23.664.104
Iraq,IRQ,2009,33.160.938
Ireland,IRL,2009,16.693.707
Israel,ISR,2009,25.491.614
Italy,ITA,2009,17.629.906
Japan,JPN,2009,4.527.235
Kazakhstan,KAZ,2009,55.345.264
Kuwait,KWT,2009,34.938.324
Latvia,LVA,2009,33.831.284
Lithuania,LTU,2009,57.625.023
Luxembourg,LUX,2009,4.634.103
Malaysia,MYS,2009,87.952.167
Mexico,MEX,2009,18.523.291
Morocco,MAR,2009,16.715.051
Netherlands,NLD,2009,10.308.833
New Zealand,NZL,2009,14.271.063
North Macedonia,MKD,2009,27.691.425
Norway,NOR,2009,16.681.416
Oman,OMN,2009,20.245.877
Pakistan,PAK,2009,65.048.376
Peru,PER,2009,14.246.703
Philippines,PHL,2009,27.353.705
Poland,POL,2009,10.600.883
Portugal,PRT,2009,23.470.938
Qatar,QAT,2009,28.701.282
Romania,ROU,2009,31.853.482
Russia,RUS,2009,6.595.961
Saudi Arabia,SAU,2009,21.951.743
Singapore,SGP,2009,7.407.071
Slovakia,SVK,2009,13.938.422
Slovenia,SVN,2009,56.981.194
South Africa,ZAF,2009,14.129.677
South Korea,KOR,2009,23.995.547
Spain,ESP,2009,13.126.128
Sri Lanka,LKA,2009,534.909
Sweden,SWE,2009,21.704.445
Switzerland,CHE,2009,18.150.452
Taiwan,TWN,2009,10.879.678
Thailand,THA,2009,11.121.085
Trinidad and Tobago,TTO,2009,21.639.868
Turkey,TUR,2009,10.876.221
Ukraine,UKR,2009,10.744.341
United Arab Emirates,ARE,2009,9.255.575
United Kingdom,GBR,2009,2.160.819
United States,USA,2009,21.395.902
Uzbekistan,UZB,2009,50.703.232
Venezuela,VEN,2009,74.212.085
Vietnam,VNM,2009,38.377.795
World,OWID_WRL,2009,115948.11
Algeria,DZA,2010,43.848.944
Argentina,ARG,2010,76.250.415
Australia,AUS,2010,14.437.653
Austria,AUT,2010,2.873.066
Azerbaijan,AZE,2010,12.128.117
Bangladesh,BGD,2010,24.837.393
Belarus,BLR,2010,30.546.198
Belgium,BEL,2010,62.157.776
Brazil,BRA,2010,17.087.803
Bulgaria,BGR,2010,15.424.762
Canada,CAN,2010,24.717.075
Chile,CHL,2010,30.254.974
China,CHN,2010,26.642.344
Colombia,COL,2010,28.449.072
Croatia,HRV,2010,8.244.185
Cyprus,CYP,2010,3.367.439
Czechia,CZE,2010,41.910.333
Denmark,DNK,2010,19.593.016
Ecuador,ECU,2010,13.043.175
Egypt,EGY,2010,8.551.744
Estonia,EST,2010,69.847.244
Finland,FIN,2010,23.739.333
France,FRA,2010,16.099.745
Germany,DEU,2010,31.345.288
Greece,GRC,2010,34.352.032
Hong Kong,HKG,2010,32.100.284
Hungary,HUN,2010,22.436.252
Iceland,ISL,2010,9.542.615
India,IND,2010,57.952.207
Indonesia,IDN,2010,16.919.974
Iran,IRN,2010,23.942.256
Iraq,IRQ,2010,37.039.072
Ireland,IRL,2010,1.675.854
Israel,ISR,2010,26.489.844
Italy,ITA,2010,18.039.177
Japan,JPN,2010,4.790.777
Kazakhstan,KAZ,2010,5.921.218
Kuwait,KWT,2010,39.296.442
Latvia,LVA,2010,39.245.155
Lithuania,LTU,2010,6.261.216
Luxembourg,LUX,2010,48.862.724
Malaysia,MYS,2010,91.087.054
Mexico,MEX,2010,18.941.508
Morocco,MAR,2010,18.309.831
Netherlands,NLD,2010,10.952.905
New Zealand,NZL,2010,14.367.758
North Macedonia,MKD,2010,27.138.107
Norway,NOR,2010,1.714.381
Oman,OMN,2010,24.068.903
Pakistan,PAK,2010,65.121.277
Peru,PER,2010,16.920.007
Philippines,PHL,2010,2.901.092
Poland,POL,2010,11.258.989
Portugal,PRT,2010,22.151.447
Qatar,QAT,2010,3.338.802
Romania,ROU,2010,31.025.522
Russia,RUS,2010,68.971.396
Saudi Arabia,SAU,2010,2.426.711
Singapore,SGP,2010,79.599.347
Slovakia,SVK,2010,14.846.474
Slovenia,SVN,2010,57.791.183
South Africa,ZAF,2010,14.220.035
South Korea,KOR,2010,26.213.225
Spain,ESP,2010,12.594.968
Sri Lanka,LKA,2010,5.367.767
Sweden,SWE,2010,22.947.697
Switzerland,CHE,2010,17.449.934
Taiwan,TWN,2010,11.741.194
Thailand,THA,2010,11.880.663
Trinidad and Tobago,TTO,2010,23.385.913
Turkey,TUR,2010,11.050.425
Ukraine,UKR,2010,1.152.221
United Arab Emirates,ARE,2010,97.244.055
United Kingdom,GBR,2010,22.328.066
United States,USA,2010,22.173.703
Uzbekistan,UZB,2010,50.845.984
Venezuela,VEN,2010,73.356.964
Vietnam,VNM,2010,46.074.872
World,OWID_WRL,2010,121480.32
Algeria,DZA,2011,4.633.955
Argentina,ARG,2011,7.930.223
Australia,AUS,2011,14.670.598
Austria,AUT,2011,27.251.227
Azerbaijan,AZE,2011,13.798.419
Bangladesh,BGD,2011,26.967.944
Belarus,BLR,2011,2.999.841
Belgium,BEL,2011,56.570.465
Brazil,BRA,2011,17.965.085
Bulgaria,BGR,2011,17.006.169
Canada,CAN,2011,25.353.962
Chile,CHL,2011,33.599.832
China,CHN,2011,28.883.004
Colombia,COL,2011,27.557.635
Croatia,HRV,2011,7.979.889
Cyprus,CYP,2011,33.026.558
Czechia,CZE,2011,40.246.118
Denmark,DNK,2011,17.745.694
Ecuador,ECU,2011,13.301.184
Egypt,EGY,2011,8.974.458
Estonia,EST,2011,6.931.334
Finland,FIN,2011,21.482.587
France,FRA,2011,15.031.868
Germany,DEU,2011,30.326.692
Greece,GRC,2011,34.241.724
Hong Kong,HKG,2011,3.288.775
Hungary,HUN,2011,21.762.537
Iceland,ISL,2011,9.428.262
India,IND,2011,60.665.156
Indonesia,IDN,2011,1.820.879
Iran,IRN,2011,25.019.663
Iraq,IRQ,2011,3.819.921
Ireland,IRL,2011,15.513.507
Israel,ISR,2011,26.948.422
Italy,ITA,2011,17.493.113
Japan,JPN,2011,4.841.036
Kazakhstan,KAZ,2011,6.754.985
Kuwait,KWT,2011,40.356.592
Latvia,LVA,2011,35.511.986
Lithuania,LTU,2011,6.458.858
Luxembourg,LUX,2011,47.574.017
Malaysia,MYS,2011,9.214.641
Mexico,MEX,2011,19.830.947
Morocco,MAR,2011,19.679.396
Netherlands,NLD,2011,10.423.181
New Zealand,NZL,2011,14.287.341
North Macedonia,MKD,2011,29.847.853
Norway,NOR,2011,1.696.429
Oman,OMN,2011,2.617.398
Pakistan,PAK,2011,645.356
Peru,PER,2011,18.899.762
Philippines,PHL,2011,29.166.415
Poland,POL,2011,11.255.137
Portugal,PRT,2011,21.969.902
Qatar,QAT,2011,39.036.157
Romania,ROU,2011,33.032.312
Russia,RUS,2011,7.171.495
Saudi Arabia,SAU,2011,25.510.542
Singapore,SGP,2011,8.276.208
Slovakia,SVK,2011,14.111.273
Slovenia,SVN,2011,56.455.215
South Africa,ZAF,2011,14.002.461
South Korea,KOR,2011,27.446.448
Spain,ESP,2011,12.652.173
Sri Lanka,LKA,2011,62.555.855
Sweden,SWE,2011,20.954.068
Switzerland,CHE,2011,16.627.084
Taiwan,TWN,2011,11.631.971
Thailand,THA,2011,12.103.584
Trinidad and Tobago,TTO,2011,22.966.246
Turkey,TUR,2011,11.854.307
Ukraine,UKR,2011,12.048.933
United Arab Emirates,ARE,2011,10.208.742
United Kingdom,GBR,2011,2.058.216
United States,USA,2011,21.749.736
Uzbekistan,UZB,2011,5.431.813
Venezuela,VEN,2011,7.405.089
Vietnam,VNM,2011,48.352.106
World,OWID_WRL,2011,124665.13
Algeria,DZA,2012,50.653.198
Argentina,ARG,2012,8.315.676
Australia,AUS,2012,14.454.979
Austria,AUT,2012,26.533.167
Azerbaijan,AZE,2012,14.461.877
Bangladesh,BGD,2012,28.905.835
Belarus,BLR,2012,32.444.122
Belgium,BEL,2012,5.517.715
Brazil,BRA,2012,18.923.752
Bulgaria,BGR,2012,15.589.844
Canada,CAN,2012,25.287.642
Chile,CHL,2012,34.173.456
China,CHN,2012,29.581.562
Colombia,COL,2012,30.702.118
Croatia,HRV,2012,7.279.537
Cyprus,CYP,2012,3.069.276
Czechia,CZE,2012,39.282.156
Denmark,DNK,2012,15.874.115
Ecuador,ECU,2012,1.393.939
Egypt,EGY,2012,9.344.486
Estonia,EST,2012,6.893.671
Finland,FIN,2012,19.450.394
France,FRA,2012,15.003.119
Germany,DEU,2012,3.052.564
Greece,GRC,2012,3.152.585
Hong Kong,HKG,2012,31.629.422
Hungary,HUN,2012,19.982.675
Iceland,ISL,2012,9.363.356
India,IND,2012,64.867.466
Indonesia,IDN,2012,18.846.263
Iran,IRN,2012,25.209.692
Iraq,IRQ,2012,41.496.793
Ireland,IRL,2012,15.265.463
Israel,ISR,2012,28.145.193
Italy,ITA,2012,16.685.127
Japan,JPN,2012,5189.08
Kazakhstan,KAZ,2012,7.122.215
Kuwait,KWT,2012,42.031.418
Latvia,LVA,2012,34.317.295
Lithuania,LTU,2012,6.450.928
Luxembourg,LUX,2012,4.652.097
Malaysia,MYS,2012,10.065.653
Mexico,MEX,2012,2.007.303
Morocco,MAR,2012,20.126.924
Netherlands,NLD,2012,10.068.438
New Zealand,NZL,2012,15.004.669
North Macedonia,MKD,2012,28.505.577
Norway,NOR,2012,16.646.432
Oman,OMN,2012,28.516.986
Pakistan,PAK,2012,6.509.927
Peru,PER,2012,19.466.333
Philippines,PHL,2012,29.994.846
Poland,POL,2012,10.796.759
Portugal,PRT,2012,20.810.054
Qatar,QAT,2012,44.268.524
Romania,ROU,2012,31.974.847
Russia,RUS,2012,71.821.226
Saudi Arabia,SAU,2012,27.051.736
Singapore,SGP,2012,83.105.865
Slovakia,SVK,2012,13.227.377
Slovenia,SVN,2012,5.462.937
South Africa,ZAF,2012,13.835.504
South Korea,KOR,2012,2.796.073
Spain,ESP,2012,12.414.958
Sri Lanka,LKA,2012,6.839.738
Sweden,SWE,2012,20.140.807
Switzerland,CHE,2012,17.160.486
Taiwan,TWN,2012,11.549.213
Thailand,THA,2012,12.921.687
Trinidad and Tobago,TTO,2012,22.608.945
Turkey,TUR,2012,12.495.521
Ukraine,UKR,2012,11.749.607
United Arab Emirates,ARE,2012,10.740.333
United Kingdom,GBR,2012,20.701.506
United States,USA,2012,21.192.219
Uzbekistan,UZB,2012,52.564.856
Venezuela,VEN,2012,7.909.834
Vietnam,VNM,2012,47.976.727
World,OWID_WRL,2012,126389.11
Algeria,DZA,2013,536.629
Argentina,ARG,2013,8.589.997
Australia,AUS,2013,14.510.181
Austria,AUT,2013,26.624.954
Azerbaijan,AZE,2013,14.952.165
Bangladesh,BGD,2013,29.795.532
Belarus,BLR,2013,29.389.456
Belgium,BEL,2013,56.214.954
Brazil,BRA,2013,20.380.793
Bulgaria,BGR,2013,14.007.574
Canada,CAN,2013,25.768.179
Chile,CHL,2013,3.441.626
China,CHN,2013,30.523.664
Colombia,COL,2013,31.943.823
Croatia,HRV,2013,70.367.516
Cyprus,CYP,2013,27.189.632
Czechia,CZE,2013,37.932.996
Denmark,DNK,2013,16.495.786
Ecuador,ECU,2013,14.828.406
Egypt,EGY,2013,92.770.294
Estonia,EST,2013,736.856
Finland,FIN,2013,20.224.971
France,FRA,2013,15.010.537
Germany,DEU,2013,31.474.045
Greece,GRC,2013,2.833.297
Hong Kong,HKG,2013,32.477.527
Hungary,HUN,2013,18.785.693
Iceland,ISL,2013,9.902.571
India,IND,2013,6.672.582
Indonesia,IDN,2013,18.014.543
Iran,IRN,2013,2.603.963
Iraq,IRQ,2013,46.141.168
Ireland,IRL,2013,14.798.254
Israel,ISR,2013,2.661.186
Italy,ITA,2013,15.312.878
Japan,JPN,2013,5.133.329
Kazakhstan,KAZ,2013,7.153.795
Kuwait,KWT,2013,42.956.055
Latvia,LVA,2013,3.414.982
Lithuania,LTU,2013,5.834.429
Luxembourg,LUX,2013,4.401.891
Malaysia,MYS,2013,10.481.492
Mexico,MEX,2013,20.165.919
Morocco,MAR,2013,20.241.418
Netherlands,NLD,2013,97.932.056
New Zealand,NZL,2013,15.128.598
North Macedonia,MKD,2013,25.770.996
Norway,NOR,2013,1.696.739
Oman,OMN,2013,31.885.587
Pakistan,PAK,2013,65.397.424
Peru,PER,2013,19.845.174
Philippines,PHL,2013,3.275.667
Poland,POL,2013,10.829.036
Portugal,PRT,2013,2.068.649
Qatar,QAT,2013,480.504
Romania,ROU,2013,27.987.015
Russia,RUS,2013,70.502.725
Saudi Arabia,SAU,2013,2.717.073
Singapore,SGP,2013,84.919.995
Slovakia,SVK,2013,13.432.585
Slovenia,SVN,2013,52.289.368
South Africa,ZAF,2013,13.862.733
South Korea,KOR,2013,28.331.323
Spain,ESP,2013,11.211.074
Sri Lanka,LKA,2013,5.956.628
Sweden,SWE,2013,1.993.496
Switzerland,CHE,2013,17.988.376
Taiwan,TWN,2013,11.795.905
Thailand,THA,2013,12.979.384
Trinidad and Tobago,TTO,2013,2.302.848
Turkey,TUR,2013,12.258.516
Ukraine,UKR,2013,11.102.203
United Arab Emirates,ARE,2013,11.330.077
United Kingdom,GBR,2013,20.272.275
United States,USA,2013,21.720.053
Uzbekistan,UZB,2013,52.826.227
Venezuela,VEN,2013,8.013.921
Vietnam,VNM,2013,50.362.057
World,OWID_WRL,2013,128.092.484
Algeria,DZA,2014,5.849.252
Argentina,ARG,2014,85.735.706
Australia,AUS,2014,1.469.526
Austria,AUT,2014,25.016.219
Azerbaijan,AZE,2014,1.528.601
Bangladesh,BGD,2014,3.105.683
Belarus,BLR,2014,29.404.642
Belgium,BEL,2014,53.418.896
Brazil,BRA,2014,21.221.887
Bulgaria,BGR,2014,1.481.321
Canada,CAN,2014,26.078.945
Chile,CHL,2014,33.005.496
China,CHN,2014,30.937.318
Colombia,COL,2014,34.031.845
Croatia,HRV,2014,6.866.936
Cyprus,CYP,2014,27.295.439
Czechia,CZE,2014,3.703.104
Denmark,DNK,2014,15.288.184
Ecuador,ECU,2014,15.593.242
Egypt,EGY,2014,91.591.486
Estonia,EST,2014,69.839.325
Finland,FIN,2014,18.662.822
France,FRA,2014,1.364.985
Germany,DEU,2014,2.963.163
Greece,GRC,2014,2.698.937
Hong Kong,HKG,2014,31.700.565
Hungary,HUN,2014,18.590.564
Iceland,ISL,2014,10.067.502
India,IND,2014,71.367.607
Indonesia,IDN,2014,18.214.462
Iran,IRN,2014,2.725.781
Iraq,IRQ,2014,44.284.467
Ireland,IRL,2014,14.523.595
Israel,ISR,2014,25.853.638
Italy,ITA,2014,14.144.424
Japan,JPN,2014,4.996.624
Kazakhstan,KAZ,2014,72.944.434
Kuwait,KWT,2014,43.661.258
Latvia,LVA,2014,3.265.368
Lithuania,LTU,2014,56.103.073
Luxembourg,LUX,2014,4.234.417
Malaysia,MYS,2014,10.547.048
Mexico,MEX,2014,19.774.797
Morocco,MAR,2014,20.673.431
Netherlands,NLD,2014,9.204.198
New Zealand,NZL,2014,15.660.614
North Macedonia,MKD,2014,24.461.483
Norway,NOR,2014,16.737.158
Oman,OMN,2014,3.174.836
Pakistan,PAK,2014,67.459.045
Peru,PER,2014,20.425.089
Philippines,PHL,2014,34.763.712
Poland,POL,2014,1.034.271
Portugal,PRT,2014,20.750.575
Qatar,QAT,2014,51.903.577
Romania,ROU,2014,28.051.196
Russia,RUS,2014,70.738.228
Saudi Arabia,SAU,2014,29.255.269
Singapore,SGP,2014,8.737.721
Slovakia,SVK,2014,121.464.874
Slovenia,SVN,2014,4.787.574
South Africa,ZAF,2014,1.397.379
South Korea,KOR,2014,28.113.872
Spain,ESP,2014,10.940.911
Sri Lanka,LKA,2014,7.181.466
Sweden,SWE,2014,1.924.726
Switzerland,CHE,2014,16.037.454
Taiwan,TWN,2014,12.107.333
Thailand,THA,2014,13.330.138
Trinidad and Tobago,TTO,2014,229.1
Turkey,TUR,2014,13.177.058
Ukraine,UKR,2014,950.507
United Arab Emirates,ARE,2014,11.208.547
United Kingdom,GBR,2014,18.796.604
United States,USA,2014,21.926.727
Uzbekistan,UZB,2014,5.470.693
Venezuela,VEN,2014,7.648.202
Vietnam,VNM,2014,56.277.344
World,OWID_WRL,2014,128937.92
Algeria,DZA,2015,6.169.203
Argentina,ARG,2015,86.964.844
Australia,AUS,2015,14.989.478
Austria,AUT,2015,25.707.706
Azerbaijan,AZE,2015,16.660.326
Bangladesh,BGD,2015,36.055.832
Belarus,BLR,2015,26.607.587
Belgium,BEL,2015,5.587.716
Brazil,BRA,2015,2.007.344
Bulgaria,BGR,2015,15.893.459
Canada,CAN,2015,26.173.267
Chile,CHL,2015,3.327.226
China,CHN,2015,31.033.996
Colombia,COL,2015,34.579.242
Croatia,HRV,2015,7.038.391
Cyprus,CYP,2015,27.969.318
Czechia,CZE,2015,3.701.322
Denmark,DNK,2015,14.362.872
Ecuador,ECU,2015,15.102.039
Egypt,EGY,2015,929.656
Estonia,EST,2015,63.885.067
Finland,FIN,2015,17.587.355
France,FRA,2015,13.928.246
Germany,DEU,2015,29.811.343
Greece,GRC,2015,26.635.352
Hong Kong,HKG,2015,32.621.796
Hungary,HUN,2015,19.837.442
Iceland,ISL,2015,10.999.993
India,IND,2015,73.542.676
Indonesia,IDN,2015,18.715.457
Iran,IRN,2015,27.148.428
Iraq,IRQ,2015,42.837.384
Ireland,IRL,2015,15.166.194
Israel,ISR,2015,27.195.642
Italy,ITA,2015,14.969.937
Japan,JPN,2015,48.535.146
Kazakhstan,KAZ,2015,6.879.399
Kuwait,KWT,2015,45.369.324
Latvia,LVA,2015,33.572.395
Lithuania,LTU,2015,58.344.486
Luxembourg,LUX,2015,40.869.637
Malaysia,MYS,2015,10.691.963
Mexico,MEX,2015,19.845.735
Morocco,MAR,2015,2.085.101
Netherlands,NLD,2015,9.286.682
New Zealand,NZL,2015,15.600.986
North Macedonia,MKD,2015,24.005.926
Norway,NOR,2015,16.897.461
Oman,OMN,2015,33.555.582
Pakistan,PAK,2015,71.356.506
Peru,PER,2015,21.368.613
Philippines,PHL,2015,3.831.464
Poland,POL,2015,1039.33
Portugal,PRT,2015,21.999.551
Qatar,QAT,2015,59.182.996
Romania,ROU,2015,27.972.678
Russia,RUS,2015,6.920.009
Saudi Arabia,SAU,2015,30.180.127
Singapore,SGP,2015,9.290.412
Slovakia,SVK,2015,1.244.621
Slovenia,SVN,2015,48.026.012
South Africa,ZAF,2015,13.657.781
South Korea,KOR,2015,2843.49
Spain,ESP,2015,11.511.338
Sri Lanka,LKA,2015,78.180.824
Sweden,SWE,2015,1.902.769
Switzerland,CHE,2015,16.395.558
Taiwan,TWN,2015,12.242.609
Thailand,THA,2015,13.637.816
Trinidad and Tobago,TTO,2015,222.289
Turkey,TUR,2015,13.769.364
Ukraine,UKR,2015,7.573.712
United Arab Emirates,ARE,2015,12.301.072
United Kingdom,GBR,2015,18.451.536
United States,USA,2015,21655.59
Uzbekistan,UZB,2015,52.189.075
Venezuela,VEN,2015,76.760.284
Vietnam,VNM,2015,67.761.255
World,OWID_WRL,2015,129.619.375