Entity,Code,Year,Wind per capita (kWh - equivalent)
South Africa,ZAF,2015,148.00706
Vietnam,VNM,2015,5.161526
Venezuela,VEN,2015,6.4868293
Uzbekistan,UZB,2015,0
United States,USA,2015,1598.1985
Ukraine,UKR,2015,64.9198
Taiwan,TWN,2015,174.6935
Turkey,TUR,2015,393.98978
Trinidad and Tobago,TTO,2015,0
Turkmenistan,TKM,2015,0
Thailand,THA,2015,12.56565
Sweden,SWE,2015,4447.938
Slovenia,SVN,2015,7.769205
Slovakia,SVK,2015,2.9803333
Singapore,SGP,2015,0
Saudi Arabia,SAU,2015,0
Russia,RUS,2015,2.7556777
Romania,ROU,2015,955.51025
Qatar,QAT,2015,0
Portugal,PRT,2015,3015.7002
Poland,POL,2015,758.44116
Philippines,PHL,2015,19.561602
Peru,PER,2015,52.117744
Pakistan,PAK,2015,7.640908
Oman,OMN,2015,0
New Zealand,NZL,2015,1386.8665
Norway,NOR,2015,1304.8862
Netherlands,NLD,2015,1193.0912
Malaysia,MYS,2015,0
North Macedonia,MKD,2015,154.28255
Mexico,MEX,2015,196.00763
Morocco,MAR,2015,195.63396
Latvia,LVA,2015,198.73326
Luxembourg,LUX,2015,481.67657
Lithuania,LTU,2015,736.2649
Sri Lanka,LKA,2015,43.31763
Kuwait,KWT,2015,0
South Korea,KOR,2015,70.893105
Kazakhstan,KAZ,2015,19.888218
Japan,JPN,2015,110.52865
Italy,ITA,2015,663.66064
Israel,ISR,2015,2.2547524
Iceland,ISL,2015,88.61557
Iraq,IRQ,2015,0
Iran,IRN,2015,4.642441
Ireland,IRL,2015,3794.4668
India,IND,2015,66.65194
Indonesia,IDN,2015,0.038489122
Hungary,HUN,2015,189.5756
Croatia,HRV,2015,503.80643
Hong Kong,HKG,2015,0.29505122
Greece,GRC,2015,1151.5347
United Kingdom,GBR,2015,1662.8556
France,FRA,2015,901.044
Finland,FIN,2015,1155.1957
Estonia,EST,2015,1464.8254
Spain,ESP,2015,2860.8015
Egypt,EGY,2015,52.207943
Ecuador,ECU,2015,16.429016
Algeria,DZA,2015,1.2939382
Denmark,DNK,2015,6703.3105
Germany,DEU,2015,2645.4204
Czechia,CZE,2015,146.5246
Cyprus,CYP,2015,503.21045
Colombia,COL,2015,3.9078877
China,CHN,2015,358.6045
Chile,CHL,2015,318.67096
Switzerland,CHE,2015,35.768703
Canada,CAN,2015,2032.3378
Brazil,BRA,2015,283.82437
Belarus,BLR,2015,10.826726
Bulgaria,BGR,2015,534.965
Bangladesh,BGD,2015,0.086767055
Belgium,BEL,2015,1334.479
Azerbaijan,AZE,2015,1.2560357
Austria,AUT,2015,1508.2473
Australia,AUS,2015,1337.7676
Argentina,ARG,2015,36.93812
United Arab Emirates,ARE,2015,0.4485859
South Africa,ZAF,2014,52.7667
Vietnam,VNM,2014,2.0458806
Venezuela,VEN,2014,9.818637
Uzbekistan,UZB,2014,0
United States,USA,2014,1543.6039
Ukraine,UKR,2014,67.817345
Taiwan,TWN,2014,173.5493
Turkey,TUR,2014,295.49405
Trinidad and Tobago,TTO,2014,0
Turkmenistan,TKM,2014,0
Thailand,THA,2014,15.33431
Sweden,SWE,2014,3122.2346
Slovenia,SVN,2014,5.221077
Slovakia,SVK,2014,2.9983916
Singapore,SGP,2014,0
Saudi Arabia,SAU,2014,0
Russia,RUS,2014,1.804487
Romania,ROU,2014,639.96796
Qatar,QAT,2014,0
Portugal,PRT,2014,3152.357
Poland,POL,2014,539.12494
Philippines,PHL,2014,4.065364
Peru,PER,2014,22.981937
Pakistan,PAK,2014,4.076531
Oman,OMN,2014,0
New Zealand,NZL,2014,1327.0178
Norway,NOR,2014,1168.9678
Netherlands,NLD,2014,926.35785
Malaysia,MYS,2014,0
North Macedonia,MKD,2014,90.890755
Mexico,MEX,2014,146.5965
Morocco,MAR,2014,152.17442
Latvia,LVA,2014,136.0584
Luxembourg,LUX,2014,389.14163
Lithuania,LTU,2014,578.1055
Sri Lanka,LKA,2014,34.751556
Kuwait,KWT,2014,0
South Korea,KOR,2014,61.383427
Kazakhstan,KAZ,2014,2.0427501
Japan,JPN,2014,106.55545
Italy,ITA,2014,681.6578
Israel,ISR,2014,2.0310946
Iceland,ISL,2014,69.34906
Iraq,IRQ,2014,0
Iran,IRN,2014,6.7759933
Ireland,IRL,2014,3013.1843
India,IND,2014,69.33092
Indonesia,IDN,2014,0
Hungary,HUN,2014,180.24402
Croatia,HRV,2014,461.63776
Hong Kong,HKG,2014,0.33172324
Greece,GRC,2014,919.99335
United Kingdom,GBR,2014,1336.6687
France,FRA,2014,734.91986
Finland,FIN,2014,549.217
Estonia,EST,2014,1244.7749
Spain,ESP,2014,3032.5984
Egypt,EGY,2014,29.137262
Ecuador,ECU,2014,13.537432
Algeria,DZA,2014,0.06987413
Denmark,DNK,2014,6270.2383
Germany,DEU,2014,1935.9438
Czechia,CZE,2014,122.74065
Cyprus,CYP,2014,423.28317
Colombia,COL,2014,4.0760326
China,CHN,2014,312.45743
Chile,CHL,2014,221.03973
Switzerland,CHE,2014,33.417908
Canada,CAN,2014,980.7393
Brazil,BRA,2014,162.58145
Belarus,BLR,2014,2.5159419
Bulgaria,BGR,2014,489.11282
Bangladesh,BGD,2014,0.088341
Belgium,BEL,2014,1118.6906
Azerbaijan,AZE,2014,0.6387086
Austria,AUT,2014,1219.1062
Australia,AUS,2014,1128.561
Argentina,ARG,2014,39.189686
United Arab Emirates,ARE,2014,0.9116789
South Africa,ZAF,2013,1.8717988
Vietnam,VNM,2013,2.0802712
Venezuela,VEN,2013,8.062615
Uzbekistan,UZB,2013,0
United States,USA,2013,1446.7435
Ukraine,UKR,2013,38.414547
Taiwan,TWN,2013,191.58345
Turkey,TUR,2013,268.9769
Trinidad and Tobago,TTO,2013,0
Turkmenistan,TKM,2013,0
Thailand,THA,2013,13.760699
Sweden,SWE,2013,2779.9504
Slovenia,SVN,2013,5.254307
Slovakia,SVK,2013,3.0215855
Singapore,SGP,2013,0
Saudi Arabia,SAU,2013,0
Russia,RUS,2013,0.08470902
Romania,ROU,2013,613.9016
Qatar,QAT,2013,0
Portugal,PRT,2013,3129.121
Poland,POL,2013,423.8418
Philippines,PHL,2013,1.7947544
Peru,PER,2013,0.1091181
Pakistan,PAK,2013,2.009136
Oman,OMN,2013,0
New Zealand,NZL,2013,1238.123
Norway,NOR,2013,1009.02313
Netherlands,NLD,2013,909.2316
Malaysia,MYS,2013,0
North Macedonia,MKD,2013,0
Mexico,MEX,2013,97.2339
Morocco,MAR,2013,97.95161
Latvia,LVA,2013,159.6486
Luxembourg,LUX,2013,416.67587
Lithuania,LTU,2013,542.43915
Sri Lanka,LKA,2013,30.254614
Kuwait,KWT,2013,0
South Korea,KOR,2013,62.46263
Kazakhstan,KAZ,2013,0.7142326
Japan,JPN,2013,109.57197
Italy,ITA,2013,673.1686
Israel,ISR,2013,2.117484
Iceland,ISL,2013,46.1197
Iraq,IRQ,2013,0
Iran,IRN,2013,7.6073737
Ireland,IRL,2013,2697.8015
India,IND,2013,63.341858
Indonesia,IDN,2013,0.001075902
Hungary,HUN,2013,197.74258
Croatia,HRV,2013,327.01062
Hong Kong,HKG,2013,0.3121603
Greece,GRC,2013,1033.5336
United Kingdom,GBR,2013,1203.5978
France,FRA,2013,690.84503
Finland,FIN,2013,387.70084
Estonia,EST,2013,1093.9017
Spain,ESP,2013,3261.3184
Egypt,EGY,2013,46.015686
Ecuador,ECU,2013,9.828868
Algeria,DZA,2013,0
Denmark,DNK,2013,5389.058
Germany,DEU,2013,1759.6636
Czechia,CZE,2013,123.97749
Cyprus,CYP,2013,539.4914
Colombia,COL,2013,3.3965983
China,CHN,2013,273.83722
Chile,CHL,2013,84.840935
Switzerland,CHE,2013,30.325949
Canada,CAN,2013,866.30884
Brazil,BRA,2013,88.84502
Belarus,BLR,2013,2.2500498
Bulgaria,BGR,2013,503.92126
Bangladesh,BGD,2013,0.0899896
Belgium,BEL,2013,899.6147
Azerbaijan,AZE,2013,0.22679915
Austria,AUT,2013,1013.48315
Australia,AUS,2013,1091.8516
Argentina,ARG,2013,29.149136
United Arab Emirates,ARE,2013,0.46339393
South Africa,ZAF,2012,1.9089584
Vietnam,VNM,2012,1.2496642
Venezuela,VEN,2012,0
Uzbekistan,UZB,2012,0
United States,USA,2012,1231.7151
Ukraine,UKR,2012,17.403467
Taiwan,TWN,2012,166.80849
Turkey,TUR,2012,213.47429
Trinidad and Tobago,TTO,2012,0
Turkmenistan,TKM,2012,0
Thailand,THA,2012,0.681111
Sweden,SWE,2012,2055.881
Slovenia,SVN,2012,0
Slovakia,SVK,2012,3.0400414
Singapore,SGP,2012,0
Saudi Arabia,SAU,2012,0
Russia,RUS,2012,0.10018069
Romania,ROU,2012,359.4711
Qatar,QAT,2012,0
Portugal,PRT,2012,2673.6392
Poland,POL,2012,336.97537
Philippines,PHL,2012,2.1072102
Peru,PER,2012,0.11017891
Pakistan,PAK,2012,0.25764173
Oman,OMN,2012,0
New Zealand,NZL,2012,1292.6648
Norway,NOR,2012,845.6798
Netherlands,NLD,2012,813.7988
Malaysia,MYS,2012,0
North Macedonia,MKD,2012,0
Mexico,MEX,2012,87.36581
Morocco,MAR,2012,59.85006
Latvia,LVA,2012,144.19757
Luxembourg,LUX,2012,400.3171
Lithuania,LTU,2012,483.4329
Sri Lanka,LKA,2012,19.152811
Kuwait,KWT,2012,0
South Korea,KOR,2012,50.423492
Kazakhstan,KAZ,2012,0.42715383
Japan,JPN,2012,101.383644
Italy,ITA,2012,610.75446
Israel,ISR,2012,2.1659944
Iceland,ISL,2012,0
Iraq,IRQ,2012,0
Iran,IRN,2012,10.035218
Ireland,IRL,2012,2409.5369
India,IND,2012,59.018578
Indonesia,IDN,2012,0.050510563
Hungary,HUN,2012,213.11229
Croatia,HRV,2012,208.25983
Hong Kong,HKG,2012,0.3993453
Greece,GRC,2012,962.86066
United Kingdom,GBR,2012,852.8539
France,FRA,2012,656.7971
Finland,FIN,2012,250.34584
Estonia,EST,2012,899.68713
Spain,ESP,2012,2901.206
Egypt,EGY,2012,40.15527
Ecuador,ECU,2012,0.42517325
Algeria,DZA,2012,0
Denmark,DNK,2012,5027.626
Germany,DEU,2012,1737.7181
Czechia,CZE,2012,108.85764
Cyprus,CYP,2012,438.5936
Colombia,COL,2012,3.2852798
China,CHN,2012,206.76445
Chile,CHL,2012,64.5708
Switzerland,CHE,2012,30.17736
Canada,CAN,2012,894.024
Brazil,BRA,2012,69.241585
Belarus,BLR,2012,1.6963959
Bulgaria,BGR,2012,447.08176
Bangladesh,BGD,2012,0.09186772
Belgium,BEL,2012,683.79736
Azerbaijan,AZE,2012,0
Austria,AUT,2012,800.83185
Australia,AUS,2012,931.9019
Argentina,ARG,2012,24.173553
United Arab Emirates,ARE,2012,0
South Africa,ZAF,2011,1.946297
Vietnam,VNM,2011,1.270836
Venezuela,VEN,2011,0
Uzbekistan,UZB,2011,0
United States,USA,2011,1066.8984
Ukraine,UKR,2011,5.4244437
Taiwan,TWN,2011,177.92705
Turkey,TUR,2011,175.69005
Trinidad and Tobago,TTO,2011,0
Turkmenistan,TKM,2011,0
Thailand,THA,2011,0.20091665
Sweden,SWE,2011,1771.0387
Slovenia,SVN,2011,0
Slovakia,SVK,2011,2.5553133
Singapore,SGP,2011,0
Saudi Arabia,SAU,2011,0
Russia,RUS,2011,0.10365959
Romania,ROU,2011,189.22847
Qatar,QAT,2011,0
Portugal,PRT,2011,2392.3542
Poland,POL,2011,228.93045
Philippines,PHL,2011,2.5257392
Peru,PER,2011,0.11213741
Pakistan,PAK,2011,0
Oman,OMN,2011,0
New Zealand,NZL,2011,1232.3563
Norway,NOR,2011,714.5064
Netherlands,NLD,2011,842.4174
Malaysia,MYS,2011,0
North Macedonia,MKD,2011,0
Mexico,MEX,2011,39.83469
Morocco,MAR,2011,58.034214
Latvia,LVA,2011,94.30279
Luxembourg,LUX,2011,340.96786
Lithuania,LTU,2011,422.7243
Sri Lanka,LKA,2011,12.116597
Kuwait,KWT,2011,0
South Korea,KOR,2011,48.41173
Kazakhstan,KAZ,2011,0.024047287
Japan,JPN,2011,96.09576
Italy,ITA,2011,452.97745
Israel,ISR,2011,2.5879629
Iceland,ISL,2011,0.06855102
Iraq,IRQ,2011,0
Iran,IRN,2011,7.6606236
Ireland,IRL,2011,2659.465
India,IND,2011,52.540554
Indonesia,IDN,2011,0.052385513
Hungary,HUN,2011,173.50296
Croatia,HRV,2011,127.415
Hong Kong,HKG,2011,0.33370325
Greece,GRC,2011,831.0008
United Kingdom,GBR,2011,695.82635
France,FRA,2011,529.6242
Finland,FIN,2011,246.46878
Estonia,EST,2011,764.7719
Spain,ESP,2011,2505.027
Egypt,EGY,2011,46.22986
Ecuador,ECU,2011,0.6052227
Algeria,DZA,2011,0
Denmark,DNK,2011,4835.6377
Germany,DEU,2011,1689.1737
Czechia,CZE,2011,104.28683
Cyprus,CYP,2011,274.63928
Colombia,COL,2011,2.512862
China,CHN,2011,150.62779
Chile,CHL,2011,54.229248
Switzerland,CHE,2011,24.409824
Canada,CAN,2011,818.8771
Brazil,BRA,2011,37.649227
Belarus,BLR,2011,1.1360664
Bulgaria,BGR,2011,314.8828
Bangladesh,BGD,2011,0.093572065
Belgium,BEL,2011,582.1613
Azerbaijan,AZE,2011,0
Austria,AUT,2011,636.5485
Australia,AUS,2011,793.6504
Argentina,ARG,2011,1.7666874
United Arab Emirates,ARE,2011,0
South Africa,ZAF,2010,1.8223394
Vietnam,VNM,2010,1.2923555
Venezuela,VEN,2010,0
Uzbekistan,UZB,2010,0
United States,USA,2010,852.7734
Ukraine,UKR,2010,3.0378654
Taiwan,TWN,2010,123.4099
Turkey,TUR,2010,110.59146
Trinidad and Tobago,TTO,2010,0
Turkmenistan,TKM,2010,0
Thailand,THA,2010,0.15949628
Sweden,SWE,2010,1036.0653
Slovenia,SVN,2010,0
Slovakia,SVK,2010,3.0884626
Singapore,SGP,2010,0
Saudi Arabia,SAU,2010,0
Russia,RUS,2010,0.08105907
Romania,ROU,2010,41.76633
Qatar,QAT,2010,0
Portugal,PRT,2010,2406.9136
Poland,POL,2010,119.660095
Philippines,PHL,2010,1.8100829
Peru,PER,2010,0.11403975
Pakistan,PAK,2010,0
Oman,OMN,2010,0
New Zealand,NZL,2010,1045.5016
Norway,NOR,2010,498.9489
Netherlands,NLD,2010,666.9652
Malaysia,MYS,2010,0
North Macedonia,MKD,2010,0
Mexico,MEX,2010,30.562313
Morocco,MAR,2010,56.324005
Latvia,LVA,2010,64.716125
Luxembourg,LUX,2010,301.50812
Lithuania,LTU,2010,198.06485
Sri Lanka,LKA,2010,7.139051
Kuwait,KWT,2010,0
South Korea,KOR,2010,46.452946
Kazakhstan,KAZ,2010,0
Japan,JPN,2010,85.056274
Italy,ITA,2010,423.41385
Israel,ISR,2010,3.0285363
Iceland,ISL,2010,0
Iraq,IRQ,2010,0
Iran,IRN,2010,6.2232814
Ireland,IRL,2010,1726.9476
India,IND,2010,43.52908
Indonesia,IDN,2010,0.041436233
Hungary,HUN,2010,146.46587
Croatia,HRV,2010,88.3117
Hong Kong,HKG,2010,0.40503532
Greece,GRC,2010,682.7142
United Kingdom,GBR,2010,454.8852
France,FRA,2010,442.04218
Finland,FIN,2010,152.30473
Estonia,EST,2010,577.4053
Spain,ESP,2010,2603.26
Egypt,EGY,2010,44.826134
Ecuador,ECU,2010,0.6356267
Algeria,DZA,2010,0
Denmark,DNK,2010,3904.9275
Germany,DEU,2010,1315.587
Czechia,CZE,2010,88.98322
Cyprus,CYP,2010,76.164986
Colombia,COL,2010,2.388737
China,CHN,2010,101.701096
Chile,CHL,2010,53.102753
Switzerland,CHE,2010,13.1284275
Canada,CAN,2010,712.9637
Brazil,BRA,2010,30.766998
Belarus,BLR,2010,0.2851586
Bulgaria,BGR,2010,248.95966
Bangladesh,BGD,2010,0.09546841
Belgium,BEL,2010,329.66214
Azerbaijan,AZE,2010,0.15035816
Austria,AUT,2010,685.0021
Australia,AUS,2010,628.3735
Argentina,ARG,2010,1.7120453
United Arab Emirates,ARE,2010,0
South Africa,ZAF,2009,1.6372898
Vietnam,VNM,2009,0.37458906
Venezuela,VEN,2009,0
Uzbekistan,UZB,2009,0
United States,USA,2009,675.58777
Ukraine,UKR,2009,2.6183274
Taiwan,TWN,2009,95.33232
Turkey,TUR,2009,57.820705
Trinidad and Tobago,TTO,2009,0
Turkmenistan,TKM,2009,0
Thailand,THA,2009,0.041371543
Sweden,SWE,2009,746.11127
Slovenia,SVN,2009,0
Slovakia,SVK,2009,3.1082215
Singapore,SGP,2009,0
Saudi Arabia,SAU,2009,0
Russia,RUS,2009,0.07411875
Romania,ROU,2009,1.2283053
Qatar,QAT,2009,0
Portugal,PRT,2009,1997.8943
Poland,POL,2009,78.01137
Philippines,PHL,2009,1.9358234
Peru,PER,2009,0.11586312
Pakistan,PAK,2009,0
Oman,OMN,2009,0
New Zealand,NZL,2009,958.27124
Norway,NOR,2009,564.99677
Netherlands,NLD,2009,774.05505
Malaysia,MYS,2009,0
North Macedonia,MKD,2009,0
Mexico,MEX,2009,14.9973
Morocco,MAR,2009,34.086502
Latvia,LVA,2009,63.044865
Luxembourg,LUX,2009,356.03018
Lithuania,LTU,2009,138.47289
Sri Lanka,LKA,2009,0.47737262
Kuwait,KWT,2009,0
South Korea,KOR,2009,39.392292
Kazakhstan,KAZ,2009,0
Japan,JPN,2009,74.70879
Italy,ITA,2009,306.78043
Israel,ISR,2009,3.4916558
Iceland,ISL,2009,0
Iraq,IRQ,2009,0
Iran,IRN,2009,8.499577
Ireland,IRL,2009,1834.4285
India,IND,2009,37.135277
Indonesia,IDN,2009,0.042534422
Hungary,HUN,2009,92.35952
Croatia,HRV,2009,34.413853
Hong Kong,HKG,2009,0.4306875
Greece,GRC,2009,642.38293
United Kingdom,GBR,2009,416.41504
France,FRA,2009,355.8506
Finland,FIN,2009,144.68837
Estonia,EST,2009,408.0597
Spain,ESP,2009,2281.9126
Egypt,EGY,2009,33.877754
Ecuador,ECU,2009,0.6067005
Algeria,DZA,2009,0
Denmark,DNK,2009,3396.105
Germany,DEU,2009,1354.7607
Czechia,CZE,2009,77.19492
Cyprus,CYP,2009,0.89510643
Colombia,COL,2009,3.6368122
China,CHN,2009,57.590366
Chile,CHL,2009,13.108654
Switzerland,CHE,2009,8.304779
Canada,CAN,2009,552.13025
Brazil,BRA,2009,17.774115
Belarus,BLR,2009,0.28752193
Bulgaria,BGR,2009,86.692276
Bangladesh,BGD,2009,0.097132504
Belgium,BEL,2009,257.51773
Azerbaijan,AZE,2009,0.64269173
Austria,AUT,2009,654.09467
Australia,AUS,2009,572.15344
Argentina,ARG,2009,2.5282383
United Arab Emirates,ARE,2009,0
South Africa,ZAF,2008,1.1670159
Vietnam,VNM,2008,0.055816963
Venezuela,VEN,2008,0
Uzbekistan,UZB,2008,0
United States,USA,2008,514.05817
Ukraine,UKR,2008,2.7452114
Taiwan,TWN,2008,71.87737
Turkey,TUR,2008,33.352356
Trinidad and Tobago,TTO,2008,0
Turkmenistan,TKM,2008,0
Thailand,THA,2008,0.020133534
Sweden,SWE,2008,607.7262
Slovenia,SVN,2008,0
Slovakia,SVK,2008,3.6543994
Singapore,SGP,2008,0
Saudi Arabia,SAU,2008,0
Russia,RUS,2008,0.102113806
Romania,ROU,2008,0.68239075
Qatar,QAT,2008,0
Portugal,PRT,2008,1528.9254
Poland,POL,2008,61.055103
Philippines,PHL,2008,1.8903444
Peru,PER,2008,0.11668019
Pakistan,PAK,2008,0
Oman,OMN,2008,0
New Zealand,NZL,2008,698.1604
Norway,NOR,2008,538.0099
Netherlands,NLD,2008,726.95013
Malaysia,MYS,2008,0
North Macedonia,MKD,2008,0
Mexico,MEX,2008,6.5329623
Morocco,MAR,2008,26.488367
Latvia,LVA,2008,75.79171
Luxembourg,LUX,2008,348.43146
Lithuania,LTU,2008,114.25395
Sri Lanka,LKA,2008,0.44914088
Kuwait,KWT,2008,0
South Korea,KOR,2008,25.316433
Kazakhstan,KAZ,2008,0
Japan,JPN,2008,64.614105
Italy,ITA,2008,230.64366
Israel,ISR,2008,3.5730681
Iceland,ISL,2008,0
Iraq,IRQ,2008,0
Iran,IRN,2008,7.5043845
Ireland,IRL,2008,1521.3158
India,IND,2008,33.481735
Indonesia,IDN,2008,0.003187124
Hungary,HUN,2008,57.47109
Croatia,HRV,2008,25.582787
Hong Kong,HKG,2008,0.3214823
Greece,GRC,2008,568.93317
United Kingdom,GBR,2008,323.0156
France,FRA,2008,259.23868
Finland,FIN,2008,137.76974
Estonia,EST,2008,279.5319
Spain,ESP,2008,2014.0774
Egypt,EGY,2008,31.162687
Ecuador,ECU,2008,0.5192717
Algeria,DZA,2008,0
Denmark,DNK,2008,3537.7788
Germany,DEU,2008,1431.887
Czechia,CZE,2008,66.243286
Cyprus,CYP,2008,0.91541386
Colombia,COL,2008,3.457993
China,CHN,2008,27.674536
Chile,CHL,2008,6.429707
Switzerland,CHE,2008,6.9899316
Canada,CAN,2008,320.482
Brazil,BRA,2008,17.253637
Belarus,BLR,2008,0.28663716
Bulgaria,BGR,2008,44.668552
Bangladesh,BGD,2008,0.05596764
Belgium,BEL,2008,166.87364
Azerbaijan,AZE,2008,0
Austria,AUT,2008,679.2043
Australia,AUS,2008,457.3843
Argentina,ARG,2008,2.9270914
United Arab Emirates,ARE,2008,0
South Africa,ZAF,2007,0.6786807
Vietnam,VNM,2007,0
Venezuela,VEN,2007,0
Uzbekistan,UZB,2007,0
United States,USA,2007,325.01218
Ukraine,UKR,2007,2.747455
Taiwan,TWN,2007,54.172253
Turkey,TUR,2007,14.088176
Trinidad and Tobago,TTO,2007,0
Turkmenistan,TKM,2007,0
Thailand,THA,2007,0.016668307
Sweden,SWE,2007,441.22403
Slovenia,SVN,2007,0
Slovakia,SVK,2007,4.204074
Singapore,SGP,2007,0
Saudi Arabia,SAU,2007,0
Russia,RUS,2007,0.13042879
Romania,ROU,2007,0.4084135
Qatar,QAT,2007,0
Portugal,PRT,2007,1080.4084
Poland,POL,2007,38.31637
Philippines,PHL,2007,1.8261809
Peru,PER,2007,0.118491046
Pakistan,PAK,2007,0
Oman,OMN,2007,0
New Zealand,NZL,2007,622.8475
Norway,NOR,2007,535.5545
Netherlands,NLD,2007,592.91046
Malaysia,MYS,2007,0
North Macedonia,MKD,2007,0
Mexico,MEX,2007,6.4748907
Morocco,MAR,2007,25.249987
Latvia,LVA,2007,68.8694
Luxembourg,LUX,2007,378.79785
Lithuania,LTU,2007,91.67861
Sri Lanka,LKA,2007,0.32511035
Kuwait,KWT,2007,0
South Korea,KOR,2007,22.027313
Kazakhstan,KAZ,2007,0
Japan,JPN,2007,60.525723
Italy,ITA,2007,194.06119
Israel,ISR,2007,4.0673304
Iceland,ISL,2007,0
Iraq,IRQ,2007,0
Iran,IRN,2007,5.5090547
Ireland,IRL,2007,1270.3505
India,IND,2007,27.767302
Indonesia,IDN,2007,0.00024128
Hungary,HUN,2007,30.9763
Croatia,HRV,2007,22.464128
Hong Kong,HKG,2007,0.34953067
Greece,GRC,2007,463.47375
United Kingdom,GBR,2007,243.42459
France,FRA,2007,187.64934
Finland,FIN,2007,100.728806
Estonia,EST,2007,191.94258
Spain,ESP,2007,1722.8535
Egypt,EGY,2007,22.782135
Ecuador,ECU,2007,0.1908136
Algeria,DZA,2007,0
Denmark,DNK,2007,3700.4497
Germany,DEU,2007,1410.8529
Czechia,CZE,2007,34.217014
Cyprus,CYP,2007,0.9363804
Colombia,COL,2007,3.257536
China,CHN,2007,11.723956
Chile,CHL,2007,1.919879
Switzerland,CHE,2007,5.9987392
Canada,CAN,2007,258.7586
Brazil,BRA,2007,9.823362
Belarus,BLR,2007,0.28835094
Bulgaria,BGR,2007,17.216925
Bangladesh,BGD,2007,0.03141325
Belgium,BEL,2007,130.31737
Azerbaijan,AZE,2007,0
Austria,AUT,2007,694.4643
Australia,AUS,2007,387.1501
Argentina,ARG,2007,4.3675685
United Arab Emirates,ARE,2007,0
South Africa,ZAF,2006,0.68990713
Vietnam,VNM,2006,0
Venezuela,VEN,2006,0
Uzbekistan,UZB,2006,0
United States,USA,2006,254.94672
Ukraine,UKR,2006,2.1374483
Taiwan,TWN,2006,34.340782
Turkey,TUR,2006,5.335031
Trinidad and Tobago,TTO,2006,0
Turkmenistan,TKM,2006,0
Thailand,THA,2006,0.005612558
Sweden,SWE,2006,308.45682
Slovenia,SVN,2006,0
Slovakia,SVK,2006,3.1769712
Singapore,SGP,2006,0
Saudi Arabia,SAU,2006,0
Russia,RUS,2006,0.10329072
Romania,ROU,2006,0.1355052
Qatar,QAT,2006,0
Portugal,PRT,2006,789.3447
Poland,POL,2006,18.896936
Philippines,PHL,2006,1.7232289
Peru,PER,2006,0.120385356
Pakistan,PAK,2006,0
Oman,OMN,2006,0
New Zealand,NZL,2006,423.55615
Norway,NOR,2006,388.25275
Netherlands,NLD,2006,476.50922
Malaysia,MYS,2006,0
North Macedonia,MKD,2006,0
Mexico,MEX,2006,1.1979342
Morocco,MAR,2006,16.906485
Latvia,LVA,2006,59.389084
Luxembourg,LUX,2006,349.26523
Lithuania,LTU,2006,11.731172
Sri Lanka,LKA,2006,0.32991055
Kuwait,KWT,2006,0
South Korea,KOR,2006,14.147925
Kazakhstan,KAZ,2006,0
Japan,JPN,2006,47.49676
Italy,ITA,2006,144.681
Israel,ISR,2006,4.164787
Iceland,ISL,2006,0
Iraq,IRQ,2006,0
Iran,IRN,2006,5.0021086
Ireland,IRL,2006,1090.0596
India,IND,2006,22.662054
Indonesia,IDN,2006,0
Hungary,HUN,2006,12.165829
Croatia,HRV,2006,12.238148
Hong Kong,HKG,2006,0.2837399
Greece,GRC,2006,435.2873
United Kingdom,GBR,2006,198.23027
France,FRA,2006,101.916595
Finland,FIN,2006,82.50528
Estonia,EST,2006,161.21086
Spain,ESP,2006,1492.2372
Egypt,EGY,2006,21.352467
Ecuador,ECU,2006,0
Algeria,DZA,2006,0
Denmark,DNK,2006,3184.3257
Germany,DEU,2006,1097.9534
Czechia,CZE,2006,13.633613
Cyprus,CYP,2006,0.95799506
Colombia,COL,2006,4.1897426
China,CHN,2006,8.043358
Chile,CHL,2006,1.2192953
Switzerland,CHE,2006,5.7098365
Canada,CAN,2006,216.30708
Brazil,BRA,2006,3.571435
Belarus,BLR,2006,0.28692853
Bulgaria,BGR,2006,7.3278084
Bangladesh,BGD,2006,0.03193993
Belgium,BEL,2006,98.405075
Azerbaijan,AZE,2006,0
Austria,AUT,2006,603.2346
Australia,AUS,2006,300.5834
Argentina,ARG,2006,5.019495
United Arab Emirates,ARE,2006,0
South Africa,ZAF,2005,0.70099604
Vietnam,VNM,2005,0
Venezuela,VEN,2005,0
Uzbekistan,UZB,2005,0
United States,USA,2005,173.54012
Ukraine,UKR,2005,2.3194127
Taiwan,TWN,2005,11.46812
Turkey,TUR,2005,2.4589489
Trinidad and Tobago,TTO,2005,0
Turkmenistan,TKM,2005,0
Thailand,THA,2005,0
Sweden,SWE,2005,300.20523
Slovenia,SVN,2005,0
Slovakia,SVK,2005,3.7303977
Singapore,SGP,2005,0
Saudi Arabia,SAU,2005,0
Russia,RUS,2005,0.1354118
Romania,ROU,2005,0
Qatar,QAT,2005,0
Portugal,PRT,2005,482.43665
Poland,POL,2005,10.020782
Philippines,PHL,2005,0.5798793
Peru,PER,2005,0.12237228
Pakistan,PAK,2005,0
Oman,OMN,2005,0
New Zealand,NZL,2005,425.6796
Norway,NOR,2005,313.9995
Netherlands,NLD,2005,363.96115
Malaysia,MYS,2005,0
North Macedonia,MKD,2005,0
Mexico,MEX,2005,0.5159663
Morocco,MAR,2005,19.411283
Latvia,LVA,2005,60.264492
Luxembourg,LUX,2005,321.84644
Lithuania,LTU,2005,1.5315285
Sri Lanka,LKA,2005,0.3501543
Kuwait,KWT,2005,0
South Korea,KOR,2005,7.7662635
Kazakhstan,KAZ,2005,0
Japan,JPN,2005,42.794907
Italy,ITA,2005,115.27479
Israel,ISR,2005,4.691233
Iceland,ISL,2005,0
Iraq,IRQ,2005,0
Iran,IRN,2005,2.8926847
Ireland,IRL,2005,772.6914
India,IND,2005,14.857211
Indonesia,IDN,2005,0
Hungary,HUN,2005,2.8425148
Croatia,HRV,2005,6.4641514
Hong Kong,HKG,2005,0
Greece,GRC,2005,326.1887
United Kingdom,GBR,2005,138.08783
France,FRA,2005,45.523056
Finland,FIN,2005,91.86162
Estonia,EST,2005,113.930786
Spain,ESP,2005,1388.008
Egypt,EGY,2005,18.471746
Ecuador,ECU,2005,0
Algeria,DZA,2005,0
Denmark,DNK,2005,3483.724
Germany,DEU,2005,979.26764
Czechia,CZE,2005,5.927296
Cyprus,CYP,2005,0.98032594
Colombia,COL,2005,3.3557198
China,CHN,2005,4.270388
Chile,CHL,2005,1.2398865
Switzerland,CHE,2005,3.0849917
Canada,CAN,2005,139.31842
Brazil,BRA,2005,1.4240626
Belarus,BLR,2005,0.2879782
Bulgaria,BGR,2005,1.8304735
Bangladesh,BGD,2005,0
Belgium,BEL,2005,61.80434
Azerbaijan,AZE,2005,0
Austria,AUT,2005,463.34998
Australia,AUS,2005,184.40248
Argentina,ARG,2005,5.2562175
United Arab Emirates,ARE,2005,0
South Africa,ZAF,2004,0.71216077
Vietnam,VNM,2004,0
Venezuela,VEN,2004,0
Uzbekistan,UZB,2004,0
United States,USA,2004,140.05553
Ukraine,UKR,2004,2.0120716
Taiwan,TWN,2004,3.2052772
Turkey,TUR,2004,2.4529202
Trinidad and Tobago,TTO,2004,0
Turkmenistan,TKM,2004,0
Thailand,THA,2004,0
Sweden,SWE,2004,272.0272
Slovenia,SVN,2004,0
Slovakia,SVK,2004,3.214511
Singapore,SGP,2004,0
Saudi Arabia,SAU,2004,0
Russia,RUS,2004,0.13970318
Romania,ROU,2004,0
Qatar,QAT,2004,0
Portugal,PRT,2004,223.91306
Poland,POL,2004,10.60198
Philippines,PHL,2004,0
Peru,PER,2004,0.123483725
Pakistan,PAK,2004,0
Oman,OMN,2004,0
New Zealand,NZL,2004,255.2602
Norway,NOR,2004,162.8478
Netherlands,NLD,2004,332.18277
Malaysia,MYS,2004,0
North Macedonia,MKD,2004,0
Mexico,MEX,2004,0.55445284
Morocco,MAR,2004,19.08428
Latvia,LVA,2004,62.382935
Luxembourg,LUX,2004,248.00056
Lithuania,LTU,2004,1.0063845
Sri Lanka,LKA,2004,0.40048134
Kuwait,KWT,2004,0
South Korea,KOR,2004,2.8644283
Kazakhstan,KAZ,2004,0
Japan,JPN,2004,32.50205
Italy,ITA,2004,91.986694
Israel,ISR,2004,4.8056555
Iceland,ISL,2004,0
Iraq,IRQ,2004,0
Iran,IRN,2004,1.9319041
Ireland,IRL,2004,468.21423
India,IND,2004,13.252081
Indonesia,IDN,2004,0
Hungary,HUN,2004,1.7116033
Croatia,HRV,2004,1.2940682
Hong Kong,HKG,2004,0
Greece,GRC,2004,290.62582
United Kingdom,GBR,2004,93.13182
France,FRA,2004,28.524828
Finland,FIN,2004,66.30705
Estonia,EST,2004,16.06537
Spain,ESP,2004,1053.1257
Egypt,EGY,2004,18.73649
Ecuador,ECU,2004,0
Algeria,DZA,2004,0
Denmark,DNK,2004,3502.8982
Germany,DEU,2004,922.61316
Czechia,CZE,2004,2.7802675
Cyprus,CYP,2004,1.0034693
Colombia,COL,2004,3.597201
China,CHN,2004,2.8393455
Chile,CHL,2004,0.900031
Switzerland,CHE,2004,2.3407965
Canada,CAN,2004,85.33433
Brazil,BRA,2004,0.9515964
Belarus,BLR,2004,0.29167503
Bulgaria,BGR,2004,0.3672948
Bangladesh,BGD,2004,0
Belgium,BEL,2004,39.134277
Azerbaijan,AZE,2004,0
Austria,AUT,2004,325.85684
Australia,AUS,2004,114.97649
Argentina,ARG,2004,5.398776
United Arab Emirates,ARE,2004,0
South Africa,ZAF,2003,0.36148494
Vietnam,VNM,2003,0
Venezuela,VEN,2003,0
Uzbekistan,UZB,2003,0
United States,USA,2003,112.578705
Ukraine,UKR,2003,1.8885133
Taiwan,TWN,2003,3.0500417
Turkey,TUR,2003,2.662997
Trinidad and Tobago,TTO,2003,0
Turkmenistan,TKM,2003,0
Thailand,THA,2003,0
Sweden,SWE,2003,219.73808
Slovenia,SVN,2003,0
Slovakia,SVK,2003,1.0802279
Singapore,SGP,2003,0
Saudi Arabia,SAU,2003,0
Russia,RUS,2003,0.17209388
Romania,ROU,2003,0
Qatar,QAT,2003,0
Portugal,PRT,2003,137.345
Poland,POL,2003,9.311263
Philippines,PHL,2003,0
Peru,PER,2003,0.12569883
Pakistan,PAK,2003,0
Oman,OMN,2003,0
New Zealand,NZL,2003,105.71961
Norway,NOR,2003,139.63028
Netherlands,NLD,2003,237.00797
Malaysia,MYS,2003,0
North Macedonia,MKD,2003,0
Mexico,MEX,2003,0.5379535
Morocco,MAR,2003,19.828726
Latvia,LVA,2003,60.67353
Luxembourg,LUX,2003,168.14088
Lithuania,LTU,2003,0
Sri Lanka,LKA,2003,0.51229316
Kuwait,KWT,2003,0
South Korea,KOR,2003,1.5168713
Kazakhstan,KAZ,2003,0
Japan,JPN,2003,18.924383
Italy,ITA,2003,73.63287
Israel,ISR,2003,5.373971
Iceland,ISL,2003,0
Iraq,IRQ,2003,0
Iran,IRN,2003,1.1778924
Ireland,IRL,2003,332.65753
India,IND,2003,6.7596316
Indonesia,IDN,2003,0
Hungary,HUN,2003,1.147563
Croatia,HRV,2003,0
Hong Kong,HKG,2003,0
Greece,GRC,2003,266.50732
United Kingdom,GBR,2003,62.621494
France,FRA,2003,18.839457
Finland,FIN,2003,51.12638
Estonia,EST,2003,12.909405
Spain,ESP,2003,829.23926
Egypt,EGY,2003,10.918894
Ecuador,ECU,2003,0
Algeria,DZA,2003,0
Denmark,DNK,2003,2988.4915
Germany,DEU,2003,680.4774
Czechia,CZE,2003,1.1031921
Cyprus,CYP,2003,0
Colombia,COL,2003,0
China,CHN,2003,2.243305
Chile,CHL,2003,1.2803712
Switzerland,CHE,2003,1.9779751
Canada,CAN,2003,63.286526
Brazil,BRA,2003,0.96866995
Belarus,BLR,2003,0
Bulgaria,BGR,2003,0
Bangladesh,BGD,2003,0
Belgium,BEL,2003,24.533485
Azerbaijan,AZE,2003,0
Austria,AUT,2003,130.71817
Australia,AUS,2003,103.65154
Argentina,ARG,2003,5.9061446
United Arab Emirates,ARE,2003,0
South Africa,ZAF,2002,0
Vietnam,VNM,2002,0
Venezuela,VEN,2002,0
Uzbekistan,UZB,2002,0
United States,USA,2002,105.87023
Ukraine,UKR,2002,1.3384551
Taiwan,TWN,2002,2.062785
Turkey,TUR,2002,2.123155
Trinidad and Tobago,TTO,2002,0
Turkmenistan,TKM,2002,0
Thailand,THA,2002,0
Sweden,SWE,2002,198.81796
Slovenia,SVN,2002,0
Slovakia,SVK,2002,0
Singapore,SGP,2002,0
Saudi Arabia,SAU,2002,0
Russia,RUS,2002,0.12420713
Romania,ROU,2002,0
Qatar,QAT,2002,0
Portugal,PRT,2002,101.29679
Poland,POL,2002,4.6069994
Philippines,PHL,2002,0
Peru,PER,2002,0.12804328
Pakistan,PAK,2002,0
Oman,OMN,2002,0
New Zealand,NZL,2002,114.93486
Norway,NOR,2002,25.019943
Netherlands,NLD,2002,171.96301
Malaysia,MYS,2002,0
North Macedonia,MKD,2002,0
Mexico,MEX,2002,0.60738534
Morocco,MAR,2002,19.314907
Latvia,LVA,2002,13.8027315
Luxembourg,LUX,2002,160.23114
Lithuania,LTU,2002,0
Sri Lanka,LKA,2002,0.55088377
Kuwait,KWT,2002,0
South Korea,KOR,2002,0.91789234
Kazakhstan,KAZ,2002,0
Japan,JPN,2002,9.469459
Italy,ITA,2002,71.76006
Israel,ISR,2002,5.0509286
Iceland,ISL,2002,0
Iraq,IRQ,2002,0
Iran,IRN,2002,1.3135948
Ireland,IRL,2002,290.86728
India,IND,2002,5.541015
Indonesia,IDN,2002,0
Hungary,HUN,2002,0.28740153
Croatia,HRV,2002,0
Hong Kong,HKG,2002,0
Greece,GRC,2002,171.23785
United Kingdom,GBR,2002,61.91172
France,FRA,2002,13.027704
Finland,FIN,2002,35.35882
Estonia,EST,2002,2.9605653
Spain,ESP,2002,657.40826
Egypt,EGY,2002,8.337422
Ecuador,ECU,2002,0
Algeria,DZA,2002,0
Denmark,DNK,2002,2646.5461
Germany,DEU,2002,566.253
Czechia,CZE,2002,0.4558106
Cyprus,CYP,2002,0
Colombia,COL,2002,0
China,CHN,2002,1.9081157
Chile,CHL,2002,1.3027085
Switzerland,CHE,2002,2.0041742
Canada,CAN,2002,37.740658
Brazil,BRA,2002,0.9865479
Belarus,BLR,2002,0
Bulgaria,BGR,2002,0
Bangladesh,BGD,2002,0
Belgium,BEL,2002,16.066101
Azerbaijan,AZE,2002,0
Austria,AUT,2002,73.341225
Australia,AUS,2002,79.96286
Argentina,ARG,2002,5.6554523
United Arab Emirates,ARE,2002,0
South Africa,ZAF,2001,0
Vietnam,VNM,2001,0
Venezuela,VEN,2001,0
Uzbekistan,UZB,2001,0
United States,USA,2001,70.03448
Ukraine,UKR,2001,0.9708803
Taiwan,TWN,2001,1.6086218
Turkey,TUR,2001,2.8171566
Trinidad and Tobago,TTO,2001,0
Turkmenistan,TKM,2001,0
Thailand,THA,2001,0
Sweden,SWE,2001,159.16083
Slovenia,SVN,2001,0
Slovakia,SVK,2001,0
Singapore,SGP,2001,0
Saudi Arabia,SAU,2001,0
Russia,RUS,2001,0.06230436
Romania,ROU,2001,0
Qatar,QAT,2001,0
Portugal,PRT,2001,72.511284
Poland,POL,2001,1.06379
Philippines,PHL,2001,0
Peru,PER,2001,0.13058631
Pakistan,PAK,2001,0
Oman,OMN,2001,0
New Zealand,NZL,2001,104.97694
Norway,NOR,2001,18.716137
Netherlands,NLD,2001,151.6538
Malaysia,MYS,2001,0
North Macedonia,MKD,2001,0
Mexico,MEX,2001,0.5320253
Morocco,MAR,2001,20.898531
Latvia,LVA,2001,3.7323458
Luxembourg,LUX,2001,158.05647
Lithuania,LTU,2001,0
Sri Lanka,LKA,2001,0.543215
Kuwait,KWT,2001,0
South Korea,KOR,2001,0.78586715
Kazakhstan,KAZ,2001,0
Japan,JPN,2001,5.826295
Italy,ITA,2001,60.771164
Israel,ISR,2001,4.7094984
Iceland,ISL,2001,0
Iraq,IRQ,2001,0
Iran,IRN,2001,1.4848676
Ireland,IRL,2001,256.30527
India,IND,2001,5.676972
Indonesia,IDN,2001,0
Hungary,HUN,2001,0.28929627
Croatia,HRV,2001,0
Hong Kong,HKG,2001,0
Greece,GRC,2001,200.58989
United Kingdom,GBR,2001,47.97544
France,FRA,2001,6.5212526
Finland,FIN,2001,39.412052
Estonia,EST,2001,0
Spain,ESP,2001,484.70172
Egypt,EGY,2001,7.2180295
Ecuador,ECU,2001,0
Algeria,DZA,2001,0
Denmark,DNK,2001,2359.7751
Germany,DEU,2001,378.42038
Czechia,CZE,2001,0.05756336
Cyprus,CYP,2001,0
Colombia,COL,2001,0
China,CHN,2001,1.6600672
Chile,CHL,2001,1.324117
Switzerland,CHE,2001,1.6264297
Canada,CAN,2001,31.175673
Brazil,BRA,2001,0.5753201
Belarus,BLR,2001,0
Bulgaria,BGR,2001,0
Bangladesh,BGD,2001,0
Belgium,BEL,2001,10.54374
Azerbaijan,AZE,2001,0
Austria,AUT,2001,62.85106
Australia,AUS,2001,43.80397
Argentina,ARG,2001,3.8690054
United Arab Emirates,ARE,2001,0
South Africa,ZAF,2000,0
Vietnam,VNM,2000,0
Venezuela,VEN,2000,0
Uzbekistan,UZB,2000,0
United States,USA,2000,59.1585
Ukraine,UKR,2000,0.36313602
Taiwan,TWN,2000,0.18397751
Turkey,TUR,2000,1.540444
Trinidad and Tobago,TTO,2000,0
Turkmenistan,TKM,2000,0
Thailand,THA,2000,0
Sweden,SWE,2000,152.33206
Slovenia,SVN,2000,0
Slovakia,SVK,2000,0
Singapore,SGP,2000,0
Saudi Arabia,SAU,2000,0
Russia,RUS,2000,0.038211152
Romania,ROU,2000,0
Qatar,QAT,2000,0
Portugal,PRT,2000,48.22754
Poland,POL,2000,0.3837942
Philippines,PHL,2000,0
Peru,PER,2000,0.088790715
Pakistan,PAK,2000,0
Oman,OMN,2000,0
New Zealand,NZL,2000,92.19957
Norway,NOR,2000,19.882877
Netherlands,NLD,2000,154.18095
Malaysia,MYS,2000,0
North Macedonia,MKD,2000,0
Mexico,MEX,2000,0.5740349
Morocco,MAR,2000,6.6275983
Latvia,LVA,2000,6.1766167
Luxembourg,LUX,2000,167.94998
Lithuania,LTU,2000,0
Sri Lanka,LKA,2000,0.53554296
Kuwait,KWT,2000,0
South Korea,KOR,2000,1.0544772
Kazakhstan,KAZ,2000,0
Japan,JPN,2000,2.5418148
Italy,ITA,2000,29.223982
Israel,ISR,2000,0
Iceland,ISL,2000,0
Iraq,IRQ,2000,0
Iran,IRN,2000,1.6466705
Ireland,IRL,2000,191.46832
India,IND,2000,4.4146924
Indonesia,IDN,2000,0
Hungary,HUN,2000,0
Croatia,HRV,2000,0
Hong Kong,HKG,2000,0
Greece,GRC,2000,120.81796
United Kingdom,GBR,2000,47.532875
France,FRA,2000,2.4194057
Finland,FIN,2000,43.758923
Estonia,EST,2000,0
Spain,ESP,2000,343.081
Egypt,EGY,2000,3.335196
Ecuador,ECU,2000,0
Algeria,DZA,2000,0
Denmark,DNK,2000,2348.2449
Germany,DEU,2000,344.46127
Czechia,CZE,2000,0
Cyprus,CYP,2000,0
Colombia,COL,2000,0
China,CHN,2000,1.3798957
Chile,CHL,2000,0
Switzerland,CHE,2000,1.2337854
Canada,CAN,2000,25.44201
Brazil,BRA,2000,0.01674181
Belarus,BLR,2000,0
Bulgaria,BGR,2000,0
Bangladesh,BGD,2000,0
Belgium,BEL,2000,4.609346
Azerbaijan,AZE,2000,0
Austria,AUT,2000,24.732561
Australia,AUS,2000,20.834858
Argentina,ARG,2000,2.7725122
United Arab Emirates,ARE,2000,0
South Africa,ZAF,1999,0
Vietnam,VNM,1999,0
Venezuela,VEN,1999,0
Uzbekistan,UZB,1999,0
United States,USA,1999,48.015392
Ukraine,UKR,1999,0.17966524
Taiwan,TWN,1999,0
Turkey,TUR,1999,0.9593691
Trinidad and Tobago,TTO,1999,0
Turkmenistan,TKM,1999,0
Thailand,THA,1999,0
Sweden,SWE,1999,119.631195
Slovenia,SVN,1999,0
Slovakia,SVK,1999,0
Singapore,SGP,1999,0
Saudi Arabia,SAU,1999,0
Russia,RUS,1999,0
Romania,ROU,1999,0
Qatar,QAT,1999,0
Portugal,PRT,1999,35.541527
Poland,POL,1999,0.30852166
Philippines,PHL,1999,0
Peru,PER,1999,0.06761328
Pakistan,PAK,1999,0
Oman,OMN,1999,0
New Zealand,NZL,1999,30.077417
Norway,NOR,1999,9.460441
Netherlands,NLD,1999,120.61718
Malaysia,MYS,1999,0
North Macedonia,MKD,1999,0
Mexico,MEX,1999,0.52181435
Morocco,MAR,1999,0
Latvia,LVA,1999,2.438498
Luxembourg,LUX,1999,123.96782
Lithuania,LTU,1999,0
Sri Lanka,LKA,1999,0.5549483
Kuwait,KWT,1999,0
South Korea,KOR,1999,0.3714018
Kazakhstan,KAZ,1999,0
Japan,JPN,1999,0.8496455
Italy,ITA,1999,20.926601
Israel,ISR,1999,0
Iceland,ISL,1999,0
Iraq,IRQ,1999,0
Iran,IRN,1999,1.6051977
Ireland,IRL,1999,148.67436
India,IND,1999,4.1093764
Indonesia,IDN,1999,0
Hungary,HUN,1999,0
Croatia,HRV,1999,0
Hong Kong,HKG,1999,0
Greece,GRC,1999,43.5727
United Kingdom,GBR,1999,42.86573
France,FRA,1999,1.8721514
Finland,FIN,1999,28.050043
Estonia,EST,1999,0
Spain,ESP,1999,200.13644
Egypt,EGY,1999,0.5075806
Ecuador,ECU,1999,0
Algeria,DZA,1999,0
Denmark,DNK,1999,1683.6396
Germany,DEU,1999,200.4272
Czechia,CZE,1999,0
Cyprus,CYP,1999,0
Colombia,COL,1999,0
China,CHN,1999,1.1158191
Chile,CHL,1999,0
Switzerland,CHE,1999,1.2406698
Canada,CAN,1999,15.757755
Brazil,BRA,1999,0.034104522
Belarus,BLR,1999,0
Bulgaria,BGR,1999,0
Bangladesh,BGD,1999,0
Belgium,BEL,1999,3.7597802
Azerbaijan,AZE,1999,0
Austria,AUT,1999,18.871128
Australia,AUS,1999,6.763006
Argentina,ARG,1999,2.80596
United Arab Emirates,ARE,1999,0
South Africa,ZAF,1998,0
Vietnam,VNM,1998,0
Venezuela,VEN,1998,0
Uzbekistan,UZB,1998,0
United States,USA,1998,32.76351
Ukraine,UKR,1998,0.17812757
Taiwan,TWN,1998,0
Turkey,TUR,1998,0.26107687
Trinidad and Tobago,TTO,1998,0
Turkmenistan,TKM,1998,0
Thailand,THA,1998,0
Sweden,SWE,1998,103.15902
Slovenia,SVN,1998,0
Slovakia,SVK,1998,0
Singapore,SGP,1998,0
Saudi Arabia,SAU,1998,0
Russia,RUS,1998,0
Romania,ROU,1998,0
Qatar,QAT,1998,0
Portugal,PRT,1998,25.853336
Poland,POL,1998,0.30832037
Philippines,PHL,1998,0
Peru,PER,1998,0.057237767
Pakistan,PAK,1998,0
Oman,OMN,1998,0
New Zealand,NZL,1998,17.128323
Norway,NOR,1998,0
Netherlands,NLD,1998,120.36641
Malaysia,MYS,1998,0
North Macedonia,MKD,1998,0
Mexico,MEX,1998,0.46803832
Morocco,MAR,1998,0
Latvia,LVA,1998,2.4028702
Luxembourg,LUX,1998,76.79074
Lithuania,LTU,1998,0
Sri Lanka,LKA,1998,0
Kuwait,KWT,1998,0
South Korea,KOR,1998,0.12792721
Kazakhstan,KAZ,1998,0
Japan,JPN,1998,0.16559996
Italy,ITA,1998,12.048412
Israel,ISR,1998,0
Iceland,ISL,1998,0
Iraq,IRQ,1998,0
Iran,IRN,1998,0
Ireland,IRL,1998,135.87006
India,IND,1998,3.1236374
Indonesia,IDN,1998,0
Hungary,HUN,1998,0
Croatia,HRV,1998,0
Hong Kong,HKG,1998,0
Greece,GRC,1998,19.732235
United Kingdom,GBR,1998,44.37635
France,FRA,1998,0.9926431
Finland,FIN,1998,13.196895
Estonia,EST,1998,0
Spain,ESP,1998,99.04896
Egypt,EGY,1998,0
Ecuador,ECU,1998,0
Algeria,DZA,1998,0
Denmark,DNK,1998,1573.5853
Germany,DEU,1998,162.82152
Czechia,CZE,1998,0
Cyprus,CYP,1998,0
Colombia,COL,1998,0
China,CHN,1998,0.8432334
Chile,CHL,1998,0
Switzerland,CHE,1998,1.2465997
Canada,CAN,1998,6.0817533
Brazil,BRA,1998,0.08639964
Belarus,BLR,1998,0
Bulgaria,BGR,1998,0
Bangladesh,BGD,1998,0
Belgium,BEL,1998,3.1925027
Azerbaijan,AZE,1998,0
Austria,AUT,1998,16.683405
Australia,AUS,1998,2.8613474
Argentina,ARG,1998,2.6556678
United Arab Emirates,ARE,1998,0
South Africa,ZAF,1997,0
Vietnam,VNM,1997,0
Venezuela,VEN,1997,0
Uzbekistan,UZB,1997,0
United States,USA,1997,36.053806
Ukraine,UKR,1997,0
Taiwan,TWN,1997,0
Turkey,TUR,1997,0
Trinidad and Tobago,TTO,1997,0
Turkmenistan,TKM,1997,0
Thailand,THA,1997,0
Sweden,SWE,1997,68.15144
Slovenia,SVN,1997,0
Slovakia,SVK,1997,0
Singapore,SGP,1997,0
Saudi Arabia,SAU,1997,0
Russia,RUS,1997,0
Romania,ROU,1997,0
Qatar,QAT,1997,0
Portugal,PRT,1997,11.091756
Poland,POL,1997,0.15409543
Philippines,PHL,1997,0
Peru,PER,1997,0.06997726
Pakistan,PAK,1997,0
Oman,OMN,1997,0
New Zealand,NZL,1997,10.645572
Norway,NOR,1997,0
Netherlands,NLD,1997,89.86423
Malaysia,MYS,1997,0
North Macedonia,MKD,1997,0
Mexico,MEX,1997,0.38079748
Morocco,MAR,1997,0
Latvia,LVA,1997,2.3677266
Luxembourg,LUX,1997,21.177904
Lithuania,LTU,1997,0
Sri Lanka,LKA,1997,0
Kuwait,KWT,1997,0
South Korea,KOR,1997,0.06406204
Kazakhstan,KAZ,1997,0
Japan,JPN,1997,0.022481779
Italy,ITA,1997,6.1294646
Israel,ISR,1997,0
Iceland,ISL,1997,0
Iraq,IRQ,1997,0
Iran,IRN,1997,0
Ireland,IRL,1997,40.623554
India,IND,1997,2.9146986
Indonesia,IDN,1997,0
Hungary,HUN,1997,0
Croatia,HRV,1997,0
Hong Kong,HKG,1997,0
Greece,GRC,1997,10.060308
United Kingdom,GBR,1997,33.85932
France,FRA,1997,0.568932
Finland,FIN,1997,9.549932
Estonia,EST,1997,0
Spain,ESP,1997,54.606358
Egypt,EGY,1997,0
Ecuador,ECU,1997,0
Algeria,DZA,1997,0
Denmark,DNK,1997,1083.758
Germany,DEU,1997,107.697075
Czechia,CZE,1997,0
Cyprus,CYP,1997,0
Colombia,COL,1997,0
China,CHN,1997,0.47295484
Chile,CHL,1997,0
Switzerland,CHE,1997,0.83486277
Canada,CAN,1997,6.135089
Brazil,BRA,1997,0.070208035
Belarus,BLR,1997,0
Bulgaria,BGR,1997,0
Bangladesh,BGD,1997,0
Belgium,BEL,1997,2.3305717
Azerbaijan,AZE,1997,0
Austria,AUT,1997,7.423005
Australia,AUS,1997,1.2040391
Argentina,ARG,1997,1.2047234
United Arab Emirates,ARE,1997,0
South Africa,ZAF,1996,0
Vietnam,VNM,1996,0
Venezuela,VEN,1996,0
Uzbekistan,UZB,1996,0
United States,USA,1996,35.91177
Ukraine,UKR,1996,0
Taiwan,TWN,1996,0
Turkey,TUR,1996,0
Trinidad and Tobago,TTO,1996,0
Turkmenistan,TKM,1996,0
Thailand,THA,1996,0
Sweden,SWE,1996,48.46699
Slovenia,SVN,1996,0
Slovakia,SVK,1996,0
Singapore,SGP,1996,0
Saudi Arabia,SAU,1996,0
Russia,RUS,1996,0
Romania,ROU,1996,0
Qatar,QAT,1996,0
Portugal,PRT,1996,6.15571
Poland,POL,1996,0
Philippines,PHL,1996,0
Peru,PER,1996,0.04750949
Pakistan,PAK,1996,0
Oman,OMN,1996,0
New Zealand,NZL,1996,6.6008782
Norway,NOR,1996,0
Netherlands,NLD,1996,83.16082
Malaysia,MYS,1996,0
North Macedonia,MKD,1996,0
Mexico,MEX,1996,0.19380571
Morocco,MAR,1996,0
Latvia,LVA,1996,1.1618428
Luxembourg,LUX,1996,0
Lithuania,LTU,1996,0
Sri Lanka,LKA,1996,0
Kuwait,KWT,1996,0
South Korea,KOR,1996,0
Kazakhstan,KAZ,1996,0
Japan,JPN,1996,0.04507148
Italy,ITA,1996,1.6456897
Israel,ISR,1996,0
Iceland,ISL,1996,0
Iraq,IRQ,1996,0
Iran,IRN,1996,0
Ireland,IRL,1996,11.4800205
India,IND,1996,2.6415234
Indonesia,IDN,1996,0
Hungary,HUN,1996,0
Croatia,HRV,1996,0
Hong Kong,HKG,1996,0
Greece,GRC,1996,9.85316
United Kingdom,GBR,1996,24.845833
France,FRA,1996,0.3813087
Finland,FIN,1996,6.347071
Estonia,EST,1996,0
Spain,ESP,1996,26.910975
Egypt,EGY,1996,0
Ecuador,ECU,1996,0
Algeria,DZA,1996,0
Denmark,DNK,1996,690.2452
Germany,DEU,1996,73.90576
Czechia,CZE,1996,0
Cyprus,CYP,1996,0
Colombia,COL,1996,0
China,CHN,1996,0.22614837
Chile,CHL,1996,0
Switzerland,CHE,1996,0.41648823
Canada,CAN,1996,6.1949797
Brazil,BRA,1996,0.035634603
Belarus,BLR,1996,0
Bulgaria,BGR,1996,0
Bangladesh,BGD,1996,0
Belgium,BEL,1996,2.3378572
Azerbaijan,AZE,1996,0
Austria,AUT,1996,1.8569613
Australia,AUS,1996,1.1363175
Argentina,ARG,1996,0.8036392
United Arab Emirates,ARE,1996,0
South Africa,ZAF,1995,0
Vietnam,VNM,1995,0
Venezuela,VEN,1995,0
Uzbekistan,UZB,1995,0
United States,USA,1995,35.576126
Ukraine,UKR,1995,0
Taiwan,TWN,1995,0
Turkey,TUR,1995,0
Trinidad and Tobago,TTO,1995,0
Turkmenistan,TKM,1995,0
Thailand,THA,1995,0
Sweden,SWE,1995,35.449455
Slovenia,SVN,1995,0
Slovakia,SVK,1995,0
Singapore,SGP,1995,0
Saudi Arabia,SAU,1995,0
Russia,RUS,1995,0
Romania,ROU,1995,0
Qatar,QAT,1995,0
Portugal,PRT,1995,4.7070704
Poland,POL,1995,0.07667428
Philippines,PHL,1995,0
Peru,PER,1995,0
Pakistan,PAK,1995,0
Oman,OMN,1995,0
New Zealand,NZL,1995,0.8165712
Norway,NOR,1995,0
Netherlands,NLD,1995,60.683987
Malaysia,MYS,1995,0
North Macedonia,MKD,1995,0
Mexico,MEX,1995,0.23001604
Morocco,MAR,1995,0
Latvia,LVA,1995,0
Luxembourg,LUX,1995,0
Lithuania,LTU,1995,0
Sri Lanka,LKA,1995,0
Kuwait,KWT,1995,0
South Korea,KOR,1995,0
Kazakhstan,KAZ,1995,0
Japan,JPN,1995,0.022588246
Italy,ITA,1995,0.44876015
Israel,ISR,1995,0
Iceland,ISL,1995,0
Iraq,IRQ,1995,0
Iran,IRN,1995,0
Ireland,IRL,1995,13.219852
India,IND,1995,1.5224394
Indonesia,IDN,1995,0
Hungary,HUN,1995,0
Croatia,HRV,1995,0
Hong Kong,HKG,1995,0
Greece,GRC,1995,9.371568
United Kingdom,GBR,1995,20.009192
France,FRA,1995,0.24284844
Finland,FIN,1995,6.252137
Estonia,EST,1995,0
Spain,ESP,1995,20.052639
Egypt,EGY,1995,0
Ecuador,ECU,1995,0
Algeria,DZA,1995,0
Denmark,DNK,1995,664.9717
Germany,DEU,1995,54.67585
Czechia,CZE,1995,0
Cyprus,CYP,1995,0
Colombia,COL,1995,0
China,CHN,1995,1.4957039
Chile,CHL,1995,0
Switzerland,CHE,1995,0
Canada,CAN,1995,5.9565
Brazil,BRA,1995,0
Belarus,BLR,1995,0
Bulgaria,BGR,1995,0
Bangladesh,BGD,1995,0
Belgium,BEL,1995,2.6360152
Azerbaijan,AZE,1995,0
Austria,AUT,1995,0.3704965
Australia,AUS,1995,1.1494997
Argentina,ARG,1995,0
United Arab Emirates,ARE,1995,0
South Africa,ZAF,1994,0
Vietnam,VNM,1994,0
Venezuela,VEN,1994,0
Uzbekistan,UZB,1994,0
United States,USA,1994,39.25681
Ukraine,UKR,1994,0
Taiwan,TWN,1994,0
Turkey,TUR,1994,0
Trinidad and Tobago,TTO,1994,0
Turkmenistan,TKM,1994,0
Thailand,THA,1994,0
Sweden,SWE,1994,25.422709
Slovenia,SVN,1994,0
Slovakia,SVK,1994,0
Singapore,SGP,1994,0
Saudi Arabia,SAU,1994,0
Russia,RUS,1994,0
Romania,ROU,1994,0
Qatar,QAT,1994,0
Portugal,PRT,1994,5.0178056
Poland,POL,1994,0
Philippines,PHL,1994,0
Peru,PER,1994,0
Pakistan,PAK,1994,0
Oman,OMN,1994,0
New Zealand,NZL,1994,0.8285249
Norway,NOR,1994,0
Netherlands,NLD,1994,45.849323
Malaysia,MYS,1994,0
North Macedonia,MKD,1994,0
Mexico,MEX,1994,0.16733143
Morocco,MAR,1994,0
Latvia,LVA,1994,0
Luxembourg,LUX,1994,0
Lithuania,LTU,1994,0
Sri Lanka,LKA,1994,0
Kuwait,KWT,1994,0
South Korea,KOR,1994,0.065191925
Kazakhstan,KAZ,1994,0
Japan,JPN,1994,0.02264506
Italy,ITA,1994,0.34915218
Israel,ISR,1994,0
Iceland,ISL,1994,0
Iraq,IRQ,1994,0
Iran,IRN,1994,0
Ireland,IRL,1994,15.787167
India,IND,1994,0.59836614
Indonesia,IDN,1994,0
Hungary,HUN,1994,0
Croatia,HRV,1994,0
Hong Kong,HKG,1994,0
Greece,GRC,1994,10.275599
United Kingdom,GBR,1994,17.602982
France,FRA,1994,0.24317056
Finland,FIN,1994,4.1815495
Estonia,EST,1994,0
Spain,ESP,1994,13.059674
Egypt,EGY,1994,0
Ecuador,ECU,1994,0
Algeria,DZA,1994,0
Denmark,DNK,1994,644.8456
Germany,DEU,1994,33.232353
Czechia,CZE,1994,0
Cyprus,CYP,1994,0
Colombia,COL,1994,0
China,CHN,1994,0.9401297
Chile,CHL,1994,0
Switzerland,CHE,1994,0
Canada,CAN,1994,6.0198526
Brazil,BRA,1994,0
Belarus,BLR,1994,0
Bulgaria,BGR,1994,0
Bangladesh,BGD,1994,0
Belgium,BEL,1994,2.6428275
Azerbaijan,AZE,1994,0
Austria,AUT,1994,0
Australia,AUS,1994,0.912639
Argentina,ARG,1994,0
United Arab Emirates,ARE,1994,0
South Africa,ZAF,1993,0
Vietnam,VNM,1993,0
Venezuela,VEN,1993,0
Uzbekistan,UZB,1993,0
United States,USA,1993,34.69351
Ukraine,UKR,1993,0
Taiwan,TWN,1993,0
Turkey,TUR,1993,0
Trinidad and Tobago,TTO,1993,0
Turkmenistan,TKM,1993,0
Thailand,THA,1993,0
Sweden,SWE,1993,17.707726
Slovenia,SVN,1993,0
Slovakia,SVK,1993,0
Singapore,SGP,1993,0
Saudi Arabia,SAU,1993,0
Russia,RUS,1993,0
Romania,ROU,1993,0
Qatar,QAT,1993,0
Portugal,PRT,1993,3.1237442
Poland,POL,1993,0
Philippines,PHL,1993,0
Peru,PER,1993,0
Pakistan,PAK,1993,0
Oman,OMN,1993,0
New Zealand,NZL,1993,0.8161387
Norway,NOR,1993,0
Netherlands,NLD,1993,33.736355
Malaysia,MYS,1993,0
North Macedonia,MKD,1993,0
Mexico,MEX,1993,0.033981506
Morocco,MAR,1993,0
Latvia,LVA,1993,0
Luxembourg,LUX,1993,0
Lithuania,LTU,1993,0
Sri Lanka,LKA,1993,0
Kuwait,KWT,1993,0
South Korea,KOR,1993,0.065529875
Kazakhstan,KAZ,1993,0
Japan,JPN,1993,0.022706708
Italy,ITA,1993,0.19977525
Israel,ISR,1993,0
Iceland,ISL,1993,0
Iraq,IRQ,1993,0
Iran,IRN,1993,0
Ireland,IRL,1993,12.511712
India,IND,1993,0.30251363
Indonesia,IDN,1993,0
Hungary,HUN,1993,0
Croatia,HRV,1993,0
Hong Kong,HKG,1993,0
Greece,GRC,1993,13.156566
United Kingdom,GBR,1993,11.130874
France,FRA,1993,0.124638855
Finland,FIN,1993,2.5658185
Estonia,EST,1993,0
Spain,ESP,1993,8.701322
Egypt,EGY,1993,0
Ecuador,ECU,1993,0
Algeria,DZA,1993,0
Denmark,DNK,1993,588.8044
Germany,DEU,1993,22.019567
Czechia,CZE,1993,0
Cyprus,CYP,1993,0
Colombia,COL,1993,0
China,CHN,1993,0.5245117
Chile,CHL,1993,0
Switzerland,CHE,1993,0
Canada,CAN,1993,6.0855823
Brazil,BRA,1993,0
Belarus,BLR,1993,0
Bulgaria,BGR,1993,0
Bangladesh,BGD,1993,0
Belgium,BEL,1993,2.3563604
Azerbaijan,AZE,1993,0
Austria,AUT,1993,0
Australia,AUS,1993,0.33557338
Argentina,ARG,1993,0
United Arab Emirates,ARE,1993,0
South Africa,ZAF,1992,0
Vietnam,VNM,1992,0
Venezuela,VEN,1992,0
Uzbekistan,UZB,1992,0
United States,USA,1992,33.7988
Ukraine,UKR,1992,0
Taiwan,TWN,1992,0
Turkey,TUR,1992,0
Trinidad and Tobago,TTO,1992,0
Turkmenistan,TKM,1992,0
Thailand,THA,1992,0
Sweden,SWE,1992,10.609228
Slovenia,SVN,1992,0
Slovakia,SVK,1992,0
Singapore,SGP,1992,0
Saudi Arabia,SAU,1992,0
Russia,RUS,1992,0
Romania,ROU,1992,0
Qatar,QAT,1992,0
Portugal,PRT,1992,1.138531
Poland,POL,1992,0
Philippines,PHL,1992,0
Peru,PER,1992,0
Pakistan,PAK,1992,0
Oman,OMN,1992,0
New Zealand,NZL,1992,0.57795537
Norway,NOR,1992,0
Netherlands,NLD,1992,28.690283
Malaysia,MYS,1992,0
North Macedonia,MKD,1992,0
Mexico,MEX,1992,0.034643307
Morocco,MAR,1992,0
Latvia,LVA,1992,0
Luxembourg,LUX,1992,0
Lithuania,LTU,1992,0
Sri Lanka,LKA,1992,0
Kuwait,KWT,1992,0
South Korea,KOR,1992,0
Kazakhstan,KAZ,1992,0
Japan,JPN,1992,0
Italy,ITA,1992,0.09970701
Israel,ISR,1992,0
Iceland,ISL,1992,0
Iraq,IRQ,1992,0
Iran,IRN,1992,0
Ireland,IRL,1992,4.1882734
India,IND,1992,0.28824615
Indonesia,IDN,1992,0
Hungary,HUN,1992,0
Croatia,HRV,1992,0
Hong Kong,HKG,1992,0
Greece,GRC,1992,2.258617
United Kingdom,GBR,1992,1.6967804
France,FRA,1992,0.025450565
Finland,FIN,1992,1.4048324
Estonia,EST,1992,0
Spain,ESP,1992,7.769197
Egypt,EGY,1992,0
Ecuador,ECU,1992,0
Algeria,DZA,1992,0
Denmark,DNK,1992,523.0114
Germany,DEU,1992,10.138665
Czechia,CZE,1992,0
Cyprus,CYP,1992,0
Colombia,COL,1992,0
China,CHN,1992,0.3280005
Chile,CHL,1992,0
Switzerland,CHE,1992,0
Canada,CAN,1992,6.1543913
Brazil,BRA,1992,0
Belarus,BLR,1992,0
Bulgaria,BGR,1992,0
Bangladesh,BGD,1992,0
Belgium,BEL,1992,2.6567395
Azerbaijan,AZE,1992,0
Austria,AUT,1992,0
Australia,AUS,1992,0
Argentina,ARG,1992,0
United Arab Emirates,ARE,1992,0
South Africa,ZAF,1991,0
Vietnam,VNM,1991,0
Venezuela,VEN,1991,0
Uzbekistan,UZB,1991,0
United States,USA,1991,35.03762
Ukraine,UKR,1991,0
Taiwan,TWN,1991,0
Turkey,TUR,1991,0
Trinidad and Tobago,TTO,1991,0
Turkmenistan,TKM,1991,0
Thailand,THA,1991,0
Sweden,SWE,1991,4.472896
Slovenia,SVN,1991,0
Slovakia,SVK,1991,0
Singapore,SGP,1991,0
Saudi Arabia,SAU,1991,0
Russia,RUS,1991,0
Romania,ROU,1991,0
Qatar,QAT,1991,0
Portugal,PRT,1991,0.28371868
Poland,POL,1991,0
Philippines,PHL,1991,0
Peru,PER,1991,0
Pakistan,PAK,1991,0
Oman,OMN,1991,0
New Zealand,NZL,1991,0
Norway,NOR,1991,0
Netherlands,NLD,1991,17.293964
Malaysia,MYS,1991,0
North Macedonia,MKD,1991,0
Mexico,MEX,1991,0.035325587
Morocco,MAR,1991,0
Latvia,LVA,1991,0
Luxembourg,LUX,1991,0
Lithuania,LTU,1991,0
Sri Lanka,LKA,1991,0
Kuwait,KWT,1991,0
South Korea,KOR,1991,0
Kazakhstan,KAZ,1991,0
Japan,JPN,1991,0
Italy,ITA,1991,0.1496624
Israel,ISR,1991,0
Iceland,ISL,1991,0
Iraq,IRQ,1991,0
Iran,IRN,1991,0
Ireland,IRL,1991,0
India,IND,1991,0.37558547
Indonesia,IDN,1991,0
Hungary,HUN,1991,0
Croatia,HRV,1991,0
Hong Kong,HKG,1991,0
Greece,GRC,1991,0.5693728
United Kingdom,GBR,1991,0.4639359
France,FRA,1991,0.025548887
Finland,FIN,1991,0.35401896
Estonia,EST,1991,0
Spain,ESP,1991,1.1373862
Egypt,EGY,1991,0
Ecuador,ECU,1991,0
Algeria,DZA,1991,0
Denmark,DNK,1991,424.25937
Germany,DEU,1991,3.7054076
Czechia,CZE,1991,0
Cyprus,CYP,1991,0
Colombia,COL,1991,0
China,CHN,1991,0.022969663
Chile,CHL,1991,0
Switzerland,CHE,1991,0
Canada,CAN,1991,0.2022671
Brazil,BRA,1991,0
Belarus,BLR,1991,0
Bulgaria,BGR,1991,0
Bangladesh,BGD,1991,0
Belgium,BEL,1991,2.3697302
Azerbaijan,AZE,1991,0
Austria,AUT,1991,0
Australia,AUS,1991,0
Argentina,ARG,1991,0
United Arab Emirates,ARE,1991,0
South Africa,ZAF,1990,0
Vietnam,VNM,1990,0
Venezuela,VEN,1990,0
Uzbekistan,UZB,1990,0
United States,USA,1990,33.57395
Ukraine,UKR,1990,0
Taiwan,TWN,1990,0
Turkey,TUR,1990,0
Trinidad and Tobago,TTO,1990,0
Turkmenistan,TKM,1990,0
Thailand,THA,1990,0
Sweden,SWE,1990,2.07641
Slovenia,SVN,1990,0
Slovakia,SVK,1990,0
Singapore,SGP,1990,0
Saudi Arabia,SAU,1990,0
Russia,RUS,1990,0
Romania,ROU,1990,0.13137017
Qatar,QAT,1990,0
Portugal,PRT,1990,0.2831253
Poland,POL,1990,0
Philippines,PHL,1990,0
Peru,PER,1990,0
Pakistan,PAK,1990,0
Oman,OMN,1990,0
New Zealand,NZL,1990,0
Norway,NOR,1990,0
Netherlands,NLD,1990,11.080385
Malaysia,MYS,1990,0
North Macedonia,MKD,1990,0
Mexico,MEX,1990,0.036030702
Morocco,MAR,1990,0
Latvia,LVA,1990,0
Luxembourg,LUX,1990,0
Lithuania,LTU,1990,0
Sri Lanka,LKA,1990,0
Kuwait,KWT,1990,0
South Korea,KOR,1990,0
Kazakhstan,KAZ,1990,0
Japan,JPN,1990,0
Italy,ITA,1990,0.09984162
Israel,ISR,1990,0
Iceland,ISL,1990,0
Iraq,IRQ,1990,0
Iran,IRN,1990,0
Ireland,IRL,1990,0
India,IND,1990,0.10294171
Indonesia,IDN,1990,0
Hungary,HUN,1990,0
Croatia,HRV,1990,0
Hong Kong,HKG,1990,0
Greece,GRC,1990,0.5743079
United Kingdom,GBR,1990,0.46514428
France,FRA,1990,0.014230394
Finland,FIN,1990,0
Estonia,EST,1990,0
Spain,ESP,1990,1.0644869
Egypt,EGY,1990,0
Ecuador,ECU,1990,0
Algeria,DZA,1990,0
Denmark,DNK,1990,350.7836
Germany,DEU,1990,2.6451504
Czechia,CZE,1990,0
Cyprus,CYP,1990,0
Colombia,COL,1990,0
China,CHN,1990,0.005176563
Chile,CHL,1990,0
Switzerland,CHE,1990,0
Canada,CAN,1990,0.20488934
Brazil,BRA,1990,0
Belarus,BLR,1990,0
Bulgaria,BGR,1990,0
Bangladesh,BGD,1990,0
Belgium,BEL,1990,2.077846
Azerbaijan,AZE,1990,0
Austria,AUT,1990,0
Australia,AUS,1990,0
Argentina,ARG,1990,0
United Arab Emirates,ARE,1990,0